Black-medic-leafroll-alphasatellite-1_taxid_1441796.gbk,Faba-bean-necrotic-stunt-alphasatellite-1_taxid_1441799.gbk
Black-medic-leafroll-alphasatellite-1_taxid_1441796.gbk,Faba-bean-necrotic-stunt-alphasatellite-2_taxid_1441800.gbk
Black-medic-leafroll-alphasatellite-1_taxid_1441796.gbk,Faba-bean-necrotic-yellows-C1-alphasatellite_taxid_1453080.gbk
Black-medic-leafroll-alphasatellite-1_taxid_1441796.gbk,Faba-bean-necrotic-yellows-C11-alphasatellite_taxid_1453081.gbk
Black-medic-leafroll-alphasatellite-1_taxid_1441796.gbk,Faba-bean-necrotic-yellows-C7-alphasatellite_taxid_1453082.gbk
Black-medic-leafroll-alphasatellite-1_taxid_1441796.gbk,Faba-bean-necrotic-yellows-C9-alphasatellite_taxid_1453083.gbk
Black-medic-leafroll-alphasatellite-1_taxid_1441796.gbk,Milk-vetch-dwarf-C1-alphasatellite_taxid_1455651.gbk
Black-medic-leafroll-alphasatellite-1_taxid_1441796.gbk,Milk-vetch-dwarf-C10-alphasatellite_taxid_1455652.gbk
Black-medic-leafroll-alphasatellite-1_taxid_1441796.gbk,Milk-vetch-dwarf-C2-alphasatellite_taxid_1455653.gbk
Black-medic-leafroll-alphasatellite-1_taxid_1441796.gbk,Milk-vetch-dwarf-C3-alphasatellite_taxid_1455654.gbk
Black-medic-leafroll-alphasatellite-1_taxid_1441796.gbk,Pea-necrotic-yellow-dwarf-alphasatellite-1_taxid_1441797.gbk
Black-medic-leafroll-alphasatellite-1_taxid_1441796.gbk,Sophora-alopecuroides-yellow-stunt-alphasatellite-1a_taxid_1980161.gbk
Black-medic-leafroll-alphasatellite-1_taxid_1441796.gbk,Sophora-alopecuroides-yellow-stunt-alphasatellite-4_taxid_1980165.gbk
Black-medic-leafroll-alphasatellite-1_taxid_1441796.gbk,Sophora-alopecuroides-yellow-stunt-alphasatellite-7a_taxid_1980168.gbk
Black-medic-leafroll-alphasatellite-1_taxid_1441796.gbk,Sophora-alopecuroides-yellow-stunt-alphasatellite-8_taxid_1980173.gbk
Black-medic-leafroll-alphasatellite-1_taxid_1441796.gbk,Sophora-alopecuroides-yellow-stunt-alphasatellite-9_taxid_1980174.gbk
Black-medic-leafroll-alphasatellite-1_taxid_1441796.gbk,Subterranean-clover-stunt-C2-alphasatellite_taxid_1458458.gbk
Faba-bean-necrotic-stunt-alphasatellite-1_taxid_1441799.gbk,Black-medic-leafroll-alphasatellite-1_taxid_1441796.gbk
Faba-bean-necrotic-stunt-alphasatellite-1_taxid_1441799.gbk,Faba-bean-necrotic-stunt-alphasatellite-2_taxid_1441800.gbk
Faba-bean-necrotic-stunt-alphasatellite-1_taxid_1441799.gbk,Faba-bean-necrotic-yellows-C1-alphasatellite_taxid_1453080.gbk
Faba-bean-necrotic-stunt-alphasatellite-1_taxid_1441799.gbk,Faba-bean-necrotic-yellows-C11-alphasatellite_taxid_1453081.gbk
Faba-bean-necrotic-stunt-alphasatellite-1_taxid_1441799.gbk,Faba-bean-necrotic-yellows-C7-alphasatellite_taxid_1453082.gbk
Faba-bean-necrotic-stunt-alphasatellite-1_taxid_1441799.gbk,Faba-bean-necrotic-yellows-C9-alphasatellite_taxid_1453083.gbk
Faba-bean-necrotic-stunt-alphasatellite-1_taxid_1441799.gbk,Milk-vetch-dwarf-C1-alphasatellite_taxid_1455651.gbk
Faba-bean-necrotic-stunt-alphasatellite-1_taxid_1441799.gbk,Milk-vetch-dwarf-C10-alphasatellite_taxid_1455652.gbk
Faba-bean-necrotic-stunt-alphasatellite-1_taxid_1441799.gbk,Milk-vetch-dwarf-C2-alphasatellite_taxid_1455653.gbk
Faba-bean-necrotic-stunt-alphasatellite-1_taxid_1441799.gbk,Milk-vetch-dwarf-C3-alphasatellite_taxid_1455654.gbk
Faba-bean-necrotic-stunt-alphasatellite-1_taxid_1441799.gbk,Pea-necrotic-yellow-dwarf-alphasatellite-1_taxid_1441797.gbk
Faba-bean-necrotic-stunt-alphasatellite-1_taxid_1441799.gbk,Sophora-alopecuroides-yellow-stunt-alphasatellite-1a_taxid_1980161.gbk
Faba-bean-necrotic-stunt-alphasatellite-1_taxid_1441799.gbk,Sophora-alopecuroides-yellow-stunt-alphasatellite-4_taxid_1980165.gbk
Faba-bean-necrotic-stunt-alphasatellite-1_taxid_1441799.gbk,Sophora-alopecuroides-yellow-stunt-alphasatellite-7a_taxid_1980168.gbk
Faba-bean-necrotic-stunt-alphasatellite-1_taxid_1441799.gbk,Sophora-alopecuroides-yellow-stunt-alphasatellite-8_taxid_1980173.gbk
Faba-bean-necrotic-stunt-alphasatellite-1_taxid_1441799.gbk,Sophora-alopecuroides-yellow-stunt-alphasatellite-9_taxid_1980174.gbk
Faba-bean-necrotic-stunt-alphasatellite-1_taxid_1441799.gbk,Subterranean-clover-stunt-C2-alphasatellite_taxid_1458458.gbk
Faba-bean-necrotic-stunt-alphasatellite-2_taxid_1441800.gbk,Black-medic-leafroll-alphasatellite-1_taxid_1441796.gbk
Faba-bean-necrotic-stunt-alphasatellite-2_taxid_1441800.gbk,Faba-bean-necrotic-stunt-alphasatellite-1_taxid_1441799.gbk
Faba-bean-necrotic-stunt-alphasatellite-2_taxid_1441800.gbk,Faba-bean-necrotic-yellows-C1-alphasatellite_taxid_1453080.gbk
Faba-bean-necrotic-stunt-alphasatellite-2_taxid_1441800.gbk,Faba-bean-necrotic-yellows-C11-alphasatellite_taxid_1453081.gbk
Faba-bean-necrotic-stunt-alphasatellite-2_taxid_1441800.gbk,Faba-bean-necrotic-yellows-C7-alphasatellite_taxid_1453082.gbk
Faba-bean-necrotic-stunt-alphasatellite-2_taxid_1441800.gbk,Faba-bean-necrotic-yellows-C9-alphasatellite_taxid_1453083.gbk
Faba-bean-necrotic-stunt-alphasatellite-2_taxid_1441800.gbk,Milk-vetch-dwarf-C1-alphasatellite_taxid_1455651.gbk
Faba-bean-necrotic-stunt-alphasatellite-2_taxid_1441800.gbk,Milk-vetch-dwarf-C10-alphasatellite_taxid_1455652.gbk
Faba-bean-necrotic-stunt-alphasatellite-2_taxid_1441800.gbk,Milk-vetch-dwarf-C2-alphasatellite_taxid_1455653.gbk
Faba-bean-necrotic-stunt-alphasatellite-2_taxid_1441800.gbk,Milk-vetch-dwarf-C3-alphasatellite_taxid_1455654.gbk
Faba-bean-necrotic-stunt-alphasatellite-2_taxid_1441800.gbk,Pea-necrotic-yellow-dwarf-alphasatellite-1_taxid_1441797.gbk
Faba-bean-necrotic-stunt-alphasatellite-2_taxid_1441800.gbk,Sophora-alopecuroides-yellow-stunt-alphasatellite-1a_taxid_1980161.gbk
Faba-bean-necrotic-stunt-alphasatellite-2_taxid_1441800.gbk,Sophora-alopecuroides-yellow-stunt-alphasatellite-4_taxid_1980165.gbk
Faba-bean-necrotic-stunt-alphasatellite-2_taxid_1441800.gbk,Sophora-alopecuroides-yellow-stunt-alphasatellite-7a_taxid_1980168.gbk
Faba-bean-necrotic-stunt-alphasatellite-2_taxid_1441800.gbk,Sophora-alopecuroides-yellow-stunt-alphasatellite-8_taxid_1980173.gbk
Faba-bean-necrotic-stunt-alphasatellite-2_taxid_1441800.gbk,Sophora-alopecuroides-yellow-stunt-alphasatellite-9_taxid_1980174.gbk
Faba-bean-necrotic-stunt-alphasatellite-2_taxid_1441800.gbk,Subterranean-clover-stunt-C2-alphasatellite_taxid_1458458.gbk
Faba-bean-necrotic-yellows-C1-alphasatellite_taxid_1453080.gbk,Black-medic-leafroll-alphasatellite-1_taxid_1441796.gbk
Faba-bean-necrotic-yellows-C1-alphasatellite_taxid_1453080.gbk,Faba-bean-necrotic-stunt-alphasatellite-1_taxid_1441799.gbk
Faba-bean-necrotic-yellows-C1-alphasatellite_taxid_1453080.gbk,Faba-bean-necrotic-stunt-alphasatellite-2_taxid_1441800.gbk
Faba-bean-necrotic-yellows-C1-alphasatellite_taxid_1453080.gbk,Faba-bean-necrotic-yellows-C11-alphasatellite_taxid_1453081.gbk
Faba-bean-necrotic-yellows-C1-alphasatellite_taxid_1453080.gbk,Faba-bean-necrotic-yellows-C7-alphasatellite_taxid_1453082.gbk
Faba-bean-necrotic-yellows-C1-alphasatellite_taxid_1453080.gbk,Faba-bean-necrotic-yellows-C9-alphasatellite_taxid_1453083.gbk
Faba-bean-necrotic-yellows-C1-alphasatellite_taxid_1453080.gbk,Milk-vetch-dwarf-C1-alphasatellite_taxid_1455651.gbk
Faba-bean-necrotic-yellows-C1-alphasatellite_taxid_1453080.gbk,Milk-vetch-dwarf-C10-alphasatellite_taxid_1455652.gbk
Faba-bean-necrotic-yellows-C1-alphasatellite_taxid_1453080.gbk,Milk-vetch-dwarf-C2-alphasatellite_taxid_1455653.gbk
Faba-bean-necrotic-yellows-C1-alphasatellite_taxid_1453080.gbk,Milk-vetch-dwarf-C3-alphasatellite_taxid_1455654.gbk
Faba-bean-necrotic-yellows-C1-alphasatellite_taxid_1453080.gbk,Pea-necrotic-yellow-dwarf-alphasatellite-1_taxid_1441797.gbk
Faba-bean-necrotic-yellows-C1-alphasatellite_taxid_1453080.gbk,Sophora-alopecuroides-yellow-stunt-alphasatellite-1a_taxid_1980161.gbk
Faba-bean-necrotic-yellows-C1-alphasatellite_taxid_1453080.gbk,Sophora-alopecuroides-yellow-stunt-alphasatellite-4_taxid_1980165.gbk
Faba-bean-necrotic-yellows-C1-alphasatellite_taxid_1453080.gbk,Sophora-alopecuroides-yellow-stunt-alphasatellite-7a_taxid_1980168.gbk
Faba-bean-necrotic-yellows-C1-alphasatellite_taxid_1453080.gbk,Sophora-alopecuroides-yellow-stunt-alphasatellite-8_taxid_1980173.gbk
Faba-bean-necrotic-yellows-C1-alphasatellite_taxid_1453080.gbk,Sophora-alopecuroides-yellow-stunt-alphasatellite-9_taxid_1980174.gbk
Faba-bean-necrotic-yellows-C1-alphasatellite_taxid_1453080.gbk,Subterranean-clover-stunt-C2-alphasatellite_taxid_1458458.gbk
Faba-bean-necrotic-yellows-C11-alphasatellite_taxid_1453081.gbk,Black-medic-leafroll-alphasatellite-1_taxid_1441796.gbk
Faba-bean-necrotic-yellows-C11-alphasatellite_taxid_1453081.gbk,Faba-bean-necrotic-stunt-alphasatellite-1_taxid_1441799.gbk
Faba-bean-necrotic-yellows-C11-alphasatellite_taxid_1453081.gbk,Faba-bean-necrotic-stunt-alphasatellite-2_taxid_1441800.gbk
Faba-bean-necrotic-yellows-C11-alphasatellite_taxid_1453081.gbk,Faba-bean-necrotic-yellows-C1-alphasatellite_taxid_1453080.gbk
Faba-bean-necrotic-yellows-C11-alphasatellite_taxid_1453081.gbk,Faba-bean-necrotic-yellows-C7-alphasatellite_taxid_1453082.gbk
Faba-bean-necrotic-yellows-C11-alphasatellite_taxid_1453081.gbk,Faba-bean-necrotic-yellows-C9-alphasatellite_taxid_1453083.gbk
Faba-bean-necrotic-yellows-C11-alphasatellite_taxid_1453081.gbk,Milk-vetch-dwarf-C1-alphasatellite_taxid_1455651.gbk
Faba-bean-necrotic-yellows-C11-alphasatellite_taxid_1453081.gbk,Milk-vetch-dwarf-C10-alphasatellite_taxid_1455652.gbk
Faba-bean-necrotic-yellows-C11-alphasatellite_taxid_1453081.gbk,Milk-vetch-dwarf-C2-alphasatellite_taxid_1455653.gbk
Faba-bean-necrotic-yellows-C11-alphasatellite_taxid_1453081.gbk,Milk-vetch-dwarf-C3-alphasatellite_taxid_1455654.gbk
Faba-bean-necrotic-yellows-C11-alphasatellite_taxid_1453081.gbk,Pea-necrotic-yellow-dwarf-alphasatellite-1_taxid_1441797.gbk
Faba-bean-necrotic-yellows-C11-alphasatellite_taxid_1453081.gbk,Sophora-alopecuroides-yellow-stunt-alphasatellite-1a_taxid_1980161.gbk
Faba-bean-necrotic-yellows-C11-alphasatellite_taxid_1453081.gbk,Sophora-alopecuroides-yellow-stunt-alphasatellite-4_taxid_1980165.gbk
Faba-bean-necrotic-yellows-C11-alphasatellite_taxid_1453081.gbk,Sophora-alopecuroides-yellow-stunt-alphasatellite-7a_taxid_1980168.gbk
Faba-bean-necrotic-yellows-C11-alphasatellite_taxid_1453081.gbk,Sophora-alopecuroides-yellow-stunt-alphasatellite-8_taxid_1980173.gbk
Faba-bean-necrotic-yellows-C11-alphasatellite_taxid_1453081.gbk,Sophora-alopecuroides-yellow-stunt-alphasatellite-9_taxid_1980174.gbk
Faba-bean-necrotic-yellows-C11-alphasatellite_taxid_1453081.gbk,Subterranean-clover-stunt-C2-alphasatellite_taxid_1458458.gbk
Faba-bean-necrotic-yellows-C7-alphasatellite_taxid_1453082.gbk,Black-medic-leafroll-alphasatellite-1_taxid_1441796.gbk
Faba-bean-necrotic-yellows-C7-alphasatellite_taxid_1453082.gbk,Faba-bean-necrotic-stunt-alphasatellite-1_taxid_1441799.gbk
Faba-bean-necrotic-yellows-C7-alphasatellite_taxid_1453082.gbk,Faba-bean-necrotic-stunt-alphasatellite-2_taxid_1441800.gbk
Faba-bean-necrotic-yellows-C7-alphasatellite_taxid_1453082.gbk,Faba-bean-necrotic-yellows-C1-alphasatellite_taxid_1453080.gbk
Faba-bean-necrotic-yellows-C7-alphasatellite_taxid_1453082.gbk,Faba-bean-necrotic-yellows-C11-alphasatellite_taxid_1453081.gbk
Faba-bean-necrotic-yellows-C7-alphasatellite_taxid_1453082.gbk,Faba-bean-necrotic-yellows-C9-alphasatellite_taxid_1453083.gbk
Faba-bean-necrotic-yellows-C7-alphasatellite_taxid_1453082.gbk,Milk-vetch-dwarf-C1-alphasatellite_taxid_1455651.gbk
Faba-bean-necrotic-yellows-C7-alphasatellite_taxid_1453082.gbk,Milk-vetch-dwarf-C10-alphasatellite_taxid_1455652.gbk
Faba-bean-necrotic-yellows-C7-alphasatellite_taxid_1453082.gbk,Milk-vetch-dwarf-C2-alphasatellite_taxid_1455653.gbk
Faba-bean-necrotic-yellows-C7-alphasatellite_taxid_1453082.gbk,Milk-vetch-dwarf-C3-alphasatellite_taxid_1455654.gbk
Faba-bean-necrotic-yellows-C7-alphasatellite_taxid_1453082.gbk,Pea-necrotic-yellow-dwarf-alphasatellite-1_taxid_1441797.gbk
Faba-bean-necrotic-yellows-C7-alphasatellite_taxid_1453082.gbk,Sophora-alopecuroides-yellow-stunt-alphasatellite-1a_taxid_1980161.gbk
Faba-bean-necrotic-yellows-C7-alphasatellite_taxid_1453082.gbk,Sophora-alopecuroides-yellow-stunt-alphasatellite-4_taxid_1980165.gbk
Faba-bean-necrotic-yellows-C7-alphasatellite_taxid_1453082.gbk,Sophora-alopecuroides-yellow-stunt-alphasatellite-7a_taxid_1980168.gbk
Faba-bean-necrotic-yellows-C7-alphasatellite_taxid_1453082.gbk,Sophora-alopecuroides-yellow-stunt-alphasatellite-8_taxid_1980173.gbk
Faba-bean-necrotic-yellows-C7-alphasatellite_taxid_1453082.gbk,Sophora-alopecuroides-yellow-stunt-alphasatellite-9_taxid_1980174.gbk
Faba-bean-necrotic-yellows-C7-alphasatellite_taxid_1453082.gbk,Subterranean-clover-stunt-C2-alphasatellite_taxid_1458458.gbk
Faba-bean-necrotic-yellows-C9-alphasatellite_taxid_1453083.gbk,Black-medic-leafroll-alphasatellite-1_taxid_1441796.gbk
Faba-bean-necrotic-yellows-C9-alphasatellite_taxid_1453083.gbk,Faba-bean-necrotic-stunt-alphasatellite-1_taxid_1441799.gbk
Faba-bean-necrotic-yellows-C9-alphasatellite_taxid_1453083.gbk,Faba-bean-necrotic-stunt-alphasatellite-2_taxid_1441800.gbk
Faba-bean-necrotic-yellows-C9-alphasatellite_taxid_1453083.gbk,Faba-bean-necrotic-yellows-C1-alphasatellite_taxid_1453080.gbk
Faba-bean-necrotic-yellows-C9-alphasatellite_taxid_1453083.gbk,Faba-bean-necrotic-yellows-C11-alphasatellite_taxid_1453081.gbk
Faba-bean-necrotic-yellows-C9-alphasatellite_taxid_1453083.gbk,Faba-bean-necrotic-yellows-C7-alphasatellite_taxid_1453082.gbk
Faba-bean-necrotic-yellows-C9-alphasatellite_taxid_1453083.gbk,Milk-vetch-dwarf-C1-alphasatellite_taxid_1455651.gbk
Faba-bean-necrotic-yellows-C9-alphasatellite_taxid_1453083.gbk,Milk-vetch-dwarf-C10-alphasatellite_taxid_1455652.gbk
Faba-bean-necrotic-yellows-C9-alphasatellite_taxid_1453083.gbk,Milk-vetch-dwarf-C2-alphasatellite_taxid_1455653.gbk
Faba-bean-necrotic-yellows-C9-alphasatellite_taxid_1453083.gbk,Milk-vetch-dwarf-C3-alphasatellite_taxid_1455654.gbk
Faba-bean-necrotic-yellows-C9-alphasatellite_taxid_1453083.gbk,Pea-necrotic-yellow-dwarf-alphasatellite-1_taxid_1441797.gbk
Faba-bean-necrotic-yellows-C9-alphasatellite_taxid_1453083.gbk,Sophora-alopecuroides-yellow-stunt-alphasatellite-1a_taxid_1980161.gbk
Faba-bean-necrotic-yellows-C9-alphasatellite_taxid_1453083.gbk,Sophora-alopecuroides-yellow-stunt-alphasatellite-4_taxid_1980165.gbk
Faba-bean-necrotic-yellows-C9-alphasatellite_taxid_1453083.gbk,Sophora-alopecuroides-yellow-stunt-alphasatellite-7a_taxid_1980168.gbk
Faba-bean-necrotic-yellows-C9-alphasatellite_taxid_1453083.gbk,Sophora-alopecuroides-yellow-stunt-alphasatellite-8_taxid_1980173.gbk
Faba-bean-necrotic-yellows-C9-alphasatellite_taxid_1453083.gbk,Sophora-alopecuroides-yellow-stunt-alphasatellite-9_taxid_1980174.gbk
Faba-bean-necrotic-yellows-C9-alphasatellite_taxid_1453083.gbk,Subterranean-clover-stunt-C2-alphasatellite_taxid_1458458.gbk
Milk-vetch-dwarf-C1-alphasatellite_taxid_1455651.gbk,Black-medic-leafroll-alphasatellite-1_taxid_1441796.gbk
Milk-vetch-dwarf-C1-alphasatellite_taxid_1455651.gbk,Faba-bean-necrotic-stunt-alphasatellite-1_taxid_1441799.gbk
Milk-vetch-dwarf-C1-alphasatellite_taxid_1455651.gbk,Faba-bean-necrotic-stunt-alphasatellite-2_taxid_1441800.gbk
Milk-vetch-dwarf-C1-alphasatellite_taxid_1455651.gbk,Faba-bean-necrotic-yellows-C1-alphasatellite_taxid_1453080.gbk
Milk-vetch-dwarf-C1-alphasatellite_taxid_1455651.gbk,Faba-bean-necrotic-yellows-C11-alphasatellite_taxid_1453081.gbk
Milk-vetch-dwarf-C1-alphasatellite_taxid_1455651.gbk,Faba-bean-necrotic-yellows-C7-alphasatellite_taxid_1453082.gbk
Milk-vetch-dwarf-C1-alphasatellite_taxid_1455651.gbk,Faba-bean-necrotic-yellows-C9-alphasatellite_taxid_1453083.gbk
Milk-vetch-dwarf-C1-alphasatellite_taxid_1455651.gbk,Milk-vetch-dwarf-C10-alphasatellite_taxid_1455652.gbk
Milk-vetch-dwarf-C1-alphasatellite_taxid_1455651.gbk,Milk-vetch-dwarf-C2-alphasatellite_taxid_1455653.gbk
Milk-vetch-dwarf-C1-alphasatellite_taxid_1455651.gbk,Milk-vetch-dwarf-C3-alphasatellite_taxid_1455654.gbk
Milk-vetch-dwarf-C1-alphasatellite_taxid_1455651.gbk,Pea-necrotic-yellow-dwarf-alphasatellite-1_taxid_1441797.gbk
Milk-vetch-dwarf-C1-alphasatellite_taxid_1455651.gbk,Sophora-alopecuroides-yellow-stunt-alphasatellite-1a_taxid_1980161.gbk
Milk-vetch-dwarf-C1-alphasatellite_taxid_1455651.gbk,Sophora-alopecuroides-yellow-stunt-alphasatellite-4_taxid_1980165.gbk
Milk-vetch-dwarf-C1-alphasatellite_taxid_1455651.gbk,Sophora-alopecuroides-yellow-stunt-alphasatellite-7a_taxid_1980168.gbk
Milk-vetch-dwarf-C1-alphasatellite_taxid_1455651.gbk,Sophora-alopecuroides-yellow-stunt-alphasatellite-8_taxid_1980173.gbk
Milk-vetch-dwarf-C1-alphasatellite_taxid_1455651.gbk,Sophora-alopecuroides-yellow-stunt-alphasatellite-9_taxid_1980174.gbk
Milk-vetch-dwarf-C1-alphasatellite_taxid_1455651.gbk,Subterranean-clover-stunt-C2-alphasatellite_taxid_1458458.gbk
Milk-vetch-dwarf-C10-alphasatellite_taxid_1455652.gbk,Black-medic-leafroll-alphasatellite-1_taxid_1441796.gbk
Milk-vetch-dwarf-C10-alphasatellite_taxid_1455652.gbk,Faba-bean-necrotic-stunt-alphasatellite-1_taxid_1441799.gbk
Milk-vetch-dwarf-C10-alphasatellite_taxid_1455652.gbk,Faba-bean-necrotic-stunt-alphasatellite-2_taxid_1441800.gbk
Milk-vetch-dwarf-C10-alphasatellite_taxid_1455652.gbk,Faba-bean-necrotic-yellows-C1-alphasatellite_taxid_1453080.gbk
Milk-vetch-dwarf-C10-alphasatellite_taxid_1455652.gbk,Faba-bean-necrotic-yellows-C11-alphasatellite_taxid_1453081.gbk
Milk-vetch-dwarf-C10-alphasatellite_taxid_1455652.gbk,Faba-bean-necrotic-yellows-C7-alphasatellite_taxid_1453082.gbk
Milk-vetch-dwarf-C10-alphasatellite_taxid_1455652.gbk,Faba-bean-necrotic-yellows-C9-alphasatellite_taxid_1453083.gbk
Milk-vetch-dwarf-C10-alphasatellite_taxid_1455652.gbk,Milk-vetch-dwarf-C1-alphasatellite_taxid_1455651.gbk
Milk-vetch-dwarf-C10-alphasatellite_taxid_1455652.gbk,Milk-vetch-dwarf-C2-alphasatellite_taxid_1455653.gbk
Milk-vetch-dwarf-C10-alphasatellite_taxid_1455652.gbk,Milk-vetch-dwarf-C3-alphasatellite_taxid_1455654.gbk
Milk-vetch-dwarf-C10-alphasatellite_taxid_1455652.gbk,Pea-necrotic-yellow-dwarf-alphasatellite-1_taxid_1441797.gbk
Milk-vetch-dwarf-C10-alphasatellite_taxid_1455652.gbk,Sophora-alopecuroides-yellow-stunt-alphasatellite-1a_taxid_1980161.gbk
Milk-vetch-dwarf-C10-alphasatellite_taxid_1455652.gbk,Sophora-alopecuroides-yellow-stunt-alphasatellite-4_taxid_1980165.gbk
Milk-vetch-dwarf-C10-alphasatellite_taxid_1455652.gbk,Sophora-alopecuroides-yellow-stunt-alphasatellite-7a_taxid_1980168.gbk
Milk-vetch-dwarf-C10-alphasatellite_taxid_1455652.gbk,Sophora-alopecuroides-yellow-stunt-alphasatellite-8_taxid_1980173.gbk
Milk-vetch-dwarf-C10-alphasatellite_taxid_1455652.gbk,Sophora-alopecuroides-yellow-stunt-alphasatellite-9_taxid_1980174.gbk
Milk-vetch-dwarf-C10-alphasatellite_taxid_1455652.gbk,Subterranean-clover-stunt-C2-alphasatellite_taxid_1458458.gbk
Milk-vetch-dwarf-C2-alphasatellite_taxid_1455653.gbk,Black-medic-leafroll-alphasatellite-1_taxid_1441796.gbk
Milk-vetch-dwarf-C2-alphasatellite_taxid_1455653.gbk,Faba-bean-necrotic-stunt-alphasatellite-1_taxid_1441799.gbk
Milk-vetch-dwarf-C2-alphasatellite_taxid_1455653.gbk,Faba-bean-necrotic-stunt-alphasatellite-2_taxid_1441800.gbk
Milk-vetch-dwarf-C2-alphasatellite_taxid_1455653.gbk,Faba-bean-necrotic-yellows-C1-alphasatellite_taxid_1453080.gbk
Milk-vetch-dwarf-C2-alphasatellite_taxid_1455653.gbk,Faba-bean-necrotic-yellows-C11-alphasatellite_taxid_1453081.gbk
Milk-vetch-dwarf-C2-alphasatellite_taxid_1455653.gbk,Faba-bean-necrotic-yellows-C7-alphasatellite_taxid_1453082.gbk
Milk-vetch-dwarf-C2-alphasatellite_taxid_1455653.gbk,Faba-bean-necrotic-yellows-C9-alphasatellite_taxid_1453083.gbk
Milk-vetch-dwarf-C2-alphasatellite_taxid_1455653.gbk,Milk-vetch-dwarf-C1-alphasatellite_taxid_1455651.gbk
Milk-vetch-dwarf-C2-alphasatellite_taxid_1455653.gbk,Milk-vetch-dwarf-C10-alphasatellite_taxid_1455652.gbk
Milk-vetch-dwarf-C2-alphasatellite_taxid_1455653.gbk,Milk-vetch-dwarf-C3-alphasatellite_taxid_1455654.gbk
Milk-vetch-dwarf-C2-alphasatellite_taxid_1455653.gbk,Pea-necrotic-yellow-dwarf-alphasatellite-1_taxid_1441797.gbk
Milk-vetch-dwarf-C2-alphasatellite_taxid_1455653.gbk,Sophora-alopecuroides-yellow-stunt-alphasatellite-1a_taxid_1980161.gbk
Milk-vetch-dwarf-C2-alphasatellite_taxid_1455653.gbk,Sophora-alopecuroides-yellow-stunt-alphasatellite-4_taxid_1980165.gbk
Milk-vetch-dwarf-C2-alphasatellite_taxid_1455653.gbk,Sophora-alopecuroides-yellow-stunt-alphasatellite-7a_taxid_1980168.gbk
Milk-vetch-dwarf-C2-alphasatellite_taxid_1455653.gbk,Sophora-alopecuroides-yellow-stunt-alphasatellite-8_taxid_1980173.gbk
Milk-vetch-dwarf-C2-alphasatellite_taxid_1455653.gbk,Sophora-alopecuroides-yellow-stunt-alphasatellite-9_taxid_1980174.gbk
Milk-vetch-dwarf-C2-alphasatellite_taxid_1455653.gbk,Subterranean-clover-stunt-C2-alphasatellite_taxid_1458458.gbk
Milk-vetch-dwarf-C3-alphasatellite_taxid_1455654.gbk,Black-medic-leafroll-alphasatellite-1_taxid_1441796.gbk
Milk-vetch-dwarf-C3-alphasatellite_taxid_1455654.gbk,Faba-bean-necrotic-stunt-alphasatellite-1_taxid_1441799.gbk
Milk-vetch-dwarf-C3-alphasatellite_taxid_1455654.gbk,Faba-bean-necrotic-stunt-alphasatellite-2_taxid_1441800.gbk
Milk-vetch-dwarf-C3-alphasatellite_taxid_1455654.gbk,Faba-bean-necrotic-yellows-C1-alphasatellite_taxid_1453080.gbk
Milk-vetch-dwarf-C3-alphasatellite_taxid_1455654.gbk,Faba-bean-necrotic-yellows-C11-alphasatellite_taxid_1453081.gbk
Milk-vetch-dwarf-C3-alphasatellite_taxid_1455654.gbk,Faba-bean-necrotic-yellows-C7-alphasatellite_taxid_1453082.gbk
Milk-vetch-dwarf-C3-alphasatellite_taxid_1455654.gbk,Faba-bean-necrotic-yellows-C9-alphasatellite_taxid_1453083.gbk
Milk-vetch-dwarf-C3-alphasatellite_taxid_1455654.gbk,Milk-vetch-dwarf-C1-alphasatellite_taxid_1455651.gbk
Milk-vetch-dwarf-C3-alphasatellite_taxid_1455654.gbk,Milk-vetch-dwarf-C10-alphasatellite_taxid_1455652.gbk
Milk-vetch-dwarf-C3-alphasatellite_taxid_1455654.gbk,Milk-vetch-dwarf-C2-alphasatellite_taxid_1455653.gbk
Milk-vetch-dwarf-C3-alphasatellite_taxid_1455654.gbk,Pea-necrotic-yellow-dwarf-alphasatellite-1_taxid_1441797.gbk
Milk-vetch-dwarf-C3-alphasatellite_taxid_1455654.gbk,Sophora-alopecuroides-yellow-stunt-alphasatellite-1a_taxid_1980161.gbk
Milk-vetch-dwarf-C3-alphasatellite_taxid_1455654.gbk,Sophora-alopecuroides-yellow-stunt-alphasatellite-4_taxid_1980165.gbk
Milk-vetch-dwarf-C3-alphasatellite_taxid_1455654.gbk,Sophora-alopecuroides-yellow-stunt-alphasatellite-7a_taxid_1980168.gbk
Milk-vetch-dwarf-C3-alphasatellite_taxid_1455654.gbk,Sophora-alopecuroides-yellow-stunt-alphasatellite-8_taxid_1980173.gbk
Milk-vetch-dwarf-C3-alphasatellite_taxid_1455654.gbk,Sophora-alopecuroides-yellow-stunt-alphasatellite-9_taxid_1980174.gbk
Milk-vetch-dwarf-C3-alphasatellite_taxid_1455654.gbk,Subterranean-clover-stunt-C2-alphasatellite_taxid_1458458.gbk
Pea-necrotic-yellow-dwarf-alphasatellite-1_taxid_1441797.gbk,Black-medic-leafroll-alphasatellite-1_taxid_1441796.gbk
Pea-necrotic-yellow-dwarf-alphasatellite-1_taxid_1441797.gbk,Faba-bean-necrotic-stunt-alphasatellite-1_taxid_1441799.gbk
Pea-necrotic-yellow-dwarf-alphasatellite-1_taxid_1441797.gbk,Faba-bean-necrotic-stunt-alphasatellite-2_taxid_1441800.gbk
Pea-necrotic-yellow-dwarf-alphasatellite-1_taxid_1441797.gbk,Faba-bean-necrotic-yellows-C1-alphasatellite_taxid_1453080.gbk
Pea-necrotic-yellow-dwarf-alphasatellite-1_taxid_1441797.gbk,Faba-bean-necrotic-yellows-C11-alphasatellite_taxid_1453081.gbk
Pea-necrotic-yellow-dwarf-alphasatellite-1_taxid_1441797.gbk,Faba-bean-necrotic-yellows-C7-alphasatellite_taxid_1453082.gbk
Pea-necrotic-yellow-dwarf-alphasatellite-1_taxid_1441797.gbk,Faba-bean-necrotic-yellows-C9-alphasatellite_taxid_1453083.gbk
Pea-necrotic-yellow-dwarf-alphasatellite-1_taxid_1441797.gbk,Milk-vetch-dwarf-C1-alphasatellite_taxid_1455651.gbk
Pea-necrotic-yellow-dwarf-alphasatellite-1_taxid_1441797.gbk,Milk-vetch-dwarf-C10-alphasatellite_taxid_1455652.gbk
Pea-necrotic-yellow-dwarf-alphasatellite-1_taxid_1441797.gbk,Milk-vetch-dwarf-C2-alphasatellite_taxid_1455653.gbk
Pea-necrotic-yellow-dwarf-alphasatellite-1_taxid_1441797.gbk,Milk-vetch-dwarf-C3-alphasatellite_taxid_1455654.gbk
Pea-necrotic-yellow-dwarf-alphasatellite-1_taxid_1441797.gbk,Sophora-alopecuroides-yellow-stunt-alphasatellite-1a_taxid_1980161.gbk
Pea-necrotic-yellow-dwarf-alphasatellite-1_taxid_1441797.gbk,Sophora-alopecuroides-yellow-stunt-alphasatellite-4_taxid_1980165.gbk
Pea-necrotic-yellow-dwarf-alphasatellite-1_taxid_1441797.gbk,Sophora-alopecuroides-yellow-stunt-alphasatellite-7a_taxid_1980168.gbk
Pea-necrotic-yellow-dwarf-alphasatellite-1_taxid_1441797.gbk,Sophora-alopecuroides-yellow-stunt-alphasatellite-8_taxid_1980173.gbk
Pea-necrotic-yellow-dwarf-alphasatellite-1_taxid_1441797.gbk,Sophora-alopecuroides-yellow-stunt-alphasatellite-9_taxid_1980174.gbk
Pea-necrotic-yellow-dwarf-alphasatellite-1_taxid_1441797.gbk,Subterranean-clover-stunt-C2-alphasatellite_taxid_1458458.gbk
Sophora-alopecuroides-yellow-stunt-alphasatellite-1a_taxid_1980161.gbk,Black-medic-leafroll-alphasatellite-1_taxid_1441796.gbk
Sophora-alopecuroides-yellow-stunt-alphasatellite-1a_taxid_1980161.gbk,Faba-bean-necrotic-stunt-alphasatellite-1_taxid_1441799.gbk
Sophora-alopecuroides-yellow-stunt-alphasatellite-1a_taxid_1980161.gbk,Faba-bean-necrotic-stunt-alphasatellite-2_taxid_1441800.gbk
Sophora-alopecuroides-yellow-stunt-alphasatellite-1a_taxid_1980161.gbk,Faba-bean-necrotic-yellows-C1-alphasatellite_taxid_1453080.gbk
Sophora-alopecuroides-yellow-stunt-alphasatellite-1a_taxid_1980161.gbk,Faba-bean-necrotic-yellows-C11-alphasatellite_taxid_1453081.gbk
Sophora-alopecuroides-yellow-stunt-alphasatellite-1a_taxid_1980161.gbk,Faba-bean-necrotic-yellows-C7-alphasatellite_taxid_1453082.gbk
Sophora-alopecuroides-yellow-stunt-alphasatellite-1a_taxid_1980161.gbk,Faba-bean-necrotic-yellows-C9-alphasatellite_taxid_1453083.gbk
Sophora-alopecuroides-yellow-stunt-alphasatellite-1a_taxid_1980161.gbk,Milk-vetch-dwarf-C1-alphasatellite_taxid_1455651.gbk
Sophora-alopecuroides-yellow-stunt-alphasatellite-1a_taxid_1980161.gbk,Milk-vetch-dwarf-C10-alphasatellite_taxid_1455652.gbk
Sophora-alopecuroides-yellow-stunt-alphasatellite-1a_taxid_1980161.gbk,Milk-vetch-dwarf-C2-alphasatellite_taxid_1455653.gbk
Sophora-alopecuroides-yellow-stunt-alphasatellite-1a_taxid_1980161.gbk,Milk-vetch-dwarf-C3-alphasatellite_taxid_1455654.gbk
Sophora-alopecuroides-yellow-stunt-alphasatellite-1a_taxid_1980161.gbk,Pea-necrotic-yellow-dwarf-alphasatellite-1_taxid_1441797.gbk
Sophora-alopecuroides-yellow-stunt-alphasatellite-1a_taxid_1980161.gbk,Sophora-alopecuroides-yellow-stunt-alphasatellite-4_taxid_1980165.gbk
Sophora-alopecuroides-yellow-stunt-alphasatellite-1a_taxid_1980161.gbk,Sophora-alopecuroides-yellow-stunt-alphasatellite-7a_taxid_1980168.gbk
Sophora-alopecuroides-yellow-stunt-alphasatellite-1a_taxid_1980161.gbk,Sophora-alopecuroides-yellow-stunt-alphasatellite-8_taxid_1980173.gbk
Sophora-alopecuroides-yellow-stunt-alphasatellite-1a_taxid_1980161.gbk,Sophora-alopecuroides-yellow-stunt-alphasatellite-9_taxid_1980174.gbk
Sophora-alopecuroides-yellow-stunt-alphasatellite-1a_taxid_1980161.gbk,Subterranean-clover-stunt-C2-alphasatellite_taxid_1458458.gbk
Sophora-alopecuroides-yellow-stunt-alphasatellite-4_taxid_1980165.gbk,Black-medic-leafroll-alphasatellite-1_taxid_1441796.gbk
Sophora-alopecuroides-yellow-stunt-alphasatellite-4_taxid_1980165.gbk,Faba-bean-necrotic-stunt-alphasatellite-1_taxid_1441799.gbk
Sophora-alopecuroides-yellow-stunt-alphasatellite-4_taxid_1980165.gbk,Faba-bean-necrotic-stunt-alphasatellite-2_taxid_1441800.gbk
Sophora-alopecuroides-yellow-stunt-alphasatellite-4_taxid_1980165.gbk,Faba-bean-necrotic-yellows-C1-alphasatellite_taxid_1453080.gbk
Sophora-alopecuroides-yellow-stunt-alphasatellite-4_taxid_1980165.gbk,Faba-bean-necrotic-yellows-C11-alphasatellite_taxid_1453081.gbk
Sophora-alopecuroides-yellow-stunt-alphasatellite-4_taxid_1980165.gbk,Faba-bean-necrotic-yellows-C7-alphasatellite_taxid_1453082.gbk
Sophora-alopecuroides-yellow-stunt-alphasatellite-4_taxid_1980165.gbk,Faba-bean-necrotic-yellows-C9-alphasatellite_taxid_1453083.gbk
Sophora-alopecuroides-yellow-stunt-alphasatellite-4_taxid_1980165.gbk,Milk-vetch-dwarf-C1-alphasatellite_taxid_1455651.gbk
Sophora-alopecuroides-yellow-stunt-alphasatellite-4_taxid_1980165.gbk,Milk-vetch-dwarf-C10-alphasatellite_taxid_1455652.gbk
Sophora-alopecuroides-yellow-stunt-alphasatellite-4_taxid_1980165.gbk,Milk-vetch-dwarf-C2-alphasatellite_taxid_1455653.gbk
Sophora-alopecuroides-yellow-stunt-alphasatellite-4_taxid_1980165.gbk,Milk-vetch-dwarf-C3-alphasatellite_taxid_1455654.gbk
Sophora-alopecuroides-yellow-stunt-alphasatellite-4_taxid_1980165.gbk,Pea-necrotic-yellow-dwarf-alphasatellite-1_taxid_1441797.gbk
Sophora-alopecuroides-yellow-stunt-alphasatellite-4_taxid_1980165.gbk,Sophora-alopecuroides-yellow-stunt-alphasatellite-1a_taxid_1980161.gbk
Sophora-alopecuroides-yellow-stunt-alphasatellite-4_taxid_1980165.gbk,Sophora-alopecuroides-yellow-stunt-alphasatellite-7a_taxid_1980168.gbk
Sophora-alopecuroides-yellow-stunt-alphasatellite-4_taxid_1980165.gbk,Sophora-alopecuroides-yellow-stunt-alphasatellite-8_taxid_1980173.gbk
Sophora-alopecuroides-yellow-stunt-alphasatellite-4_taxid_1980165.gbk,Sophora-alopecuroides-yellow-stunt-alphasatellite-9_taxid_1980174.gbk
Sophora-alopecuroides-yellow-stunt-alphasatellite-4_taxid_1980165.gbk,Subterranean-clover-stunt-C2-alphasatellite_taxid_1458458.gbk
Sophora-alopecuroides-yellow-stunt-alphasatellite-7a_taxid_1980168.gbk,Black-medic-leafroll-alphasatellite-1_taxid_1441796.gbk
Sophora-alopecuroides-yellow-stunt-alphasatellite-7a_taxid_1980168.gbk,Faba-bean-necrotic-stunt-alphasatellite-1_taxid_1441799.gbk
Sophora-alopecuroides-yellow-stunt-alphasatellite-7a_taxid_1980168.gbk,Faba-bean-necrotic-stunt-alphasatellite-2_taxid_1441800.gbk
Sophora-alopecuroides-yellow-stunt-alphasatellite-7a_taxid_1980168.gbk,Faba-bean-necrotic-yellows-C1-alphasatellite_taxid_1453080.gbk
Sophora-alopecuroides-yellow-stunt-alphasatellite-7a_taxid_1980168.gbk,Faba-bean-necrotic-yellows-C11-alphasatellite_taxid_1453081.gbk
Sophora-alopecuroides-yellow-stunt-alphasatellite-7a_taxid_1980168.gbk,Faba-bean-necrotic-yellows-C7-alphasatellite_taxid_1453082.gbk
Sophora-alopecuroides-yellow-stunt-alphasatellite-7a_taxid_1980168.gbk,Faba-bean-necrotic-yellows-C9-alphasatellite_taxid_1453083.gbk
Sophora-alopecuroides-yellow-stunt-alphasatellite-7a_taxid_1980168.gbk,Milk-vetch-dwarf-C1-alphasatellite_taxid_1455651.gbk
Sophora-alopecuroides-yellow-stunt-alphasatellite-7a_taxid_1980168.gbk,Milk-vetch-dwarf-C10-alphasatellite_taxid_1455652.gbk
Sophora-alopecuroides-yellow-stunt-alphasatellite-7a_taxid_1980168.gbk,Milk-vetch-dwarf-C2-alphasatellite_taxid_1455653.gbk
Sophora-alopecuroides-yellow-stunt-alphasatellite-7a_taxid_1980168.gbk,Milk-vetch-dwarf-C3-alphasatellite_taxid_1455654.gbk
Sophora-alopecuroides-yellow-stunt-alphasatellite-7a_taxid_1980168.gbk,Pea-necrotic-yellow-dwarf-alphasatellite-1_taxid_1441797.gbk
Sophora-alopecuroides-yellow-stunt-alphasatellite-7a_taxid_1980168.gbk,Sophora-alopecuroides-yellow-stunt-alphasatellite-1a_taxid_1980161.gbk
Sophora-alopecuroides-yellow-stunt-alphasatellite-7a_taxid_1980168.gbk,Sophora-alopecuroides-yellow-stunt-alphasatellite-4_taxid_1980165.gbk
Sophora-alopecuroides-yellow-stunt-alphasatellite-7a_taxid_1980168.gbk,Sophora-alopecuroides-yellow-stunt-alphasatellite-8_taxid_1980173.gbk
Sophora-alopecuroides-yellow-stunt-alphasatellite-7a_taxid_1980168.gbk,Sophora-alopecuroides-yellow-stunt-alphasatellite-9_taxid_1980174.gbk
Sophora-alopecuroides-yellow-stunt-alphasatellite-7a_taxid_1980168.gbk,Subterranean-clover-stunt-C2-alphasatellite_taxid_1458458.gbk
Sophora-alopecuroides-yellow-stunt-alphasatellite-8_taxid_1980173.gbk,Black-medic-leafroll-alphasatellite-1_taxid_1441796.gbk
Sophora-alopecuroides-yellow-stunt-alphasatellite-8_taxid_1980173.gbk,Faba-bean-necrotic-stunt-alphasatellite-1_taxid_1441799.gbk
Sophora-alopecuroides-yellow-stunt-alphasatellite-8_taxid_1980173.gbk,Faba-bean-necrotic-stunt-alphasatellite-2_taxid_1441800.gbk
Sophora-alopecuroides-yellow-stunt-alphasatellite-8_taxid_1980173.gbk,Faba-bean-necrotic-yellows-C1-alphasatellite_taxid_1453080.gbk
Sophora-alopecuroides-yellow-stunt-alphasatellite-8_taxid_1980173.gbk,Faba-bean-necrotic-yellows-C11-alphasatellite_taxid_1453081.gbk
Sophora-alopecuroides-yellow-stunt-alphasatellite-8_taxid_1980173.gbk,Faba-bean-necrotic-yellows-C7-alphasatellite_taxid_1453082.gbk
Sophora-alopecuroides-yellow-stunt-alphasatellite-8_taxid_1980173.gbk,Faba-bean-necrotic-yellows-C9-alphasatellite_taxid_1453083.gbk
Sophora-alopecuroides-yellow-stunt-alphasatellite-8_taxid_1980173.gbk,Milk-vetch-dwarf-C1-alphasatellite_taxid_1455651.gbk
Sophora-alopecuroides-yellow-stunt-alphasatellite-8_taxid_1980173.gbk,Milk-vetch-dwarf-C10-alphasatellite_taxid_1455652.gbk
Sophora-alopecuroides-yellow-stunt-alphasatellite-8_taxid_1980173.gbk,Milk-vetch-dwarf-C2-alphasatellite_taxid_1455653.gbk
Sophora-alopecuroides-yellow-stunt-alphasatellite-8_taxid_1980173.gbk,Milk-vetch-dwarf-C3-alphasatellite_taxid_1455654.gbk
Sophora-alopecuroides-yellow-stunt-alphasatellite-8_taxid_1980173.gbk,Pea-necrotic-yellow-dwarf-alphasatellite-1_taxid_1441797.gbk
Sophora-alopecuroides-yellow-stunt-alphasatellite-8_taxid_1980173.gbk,Sophora-alopecuroides-yellow-stunt-alphasatellite-1a_taxid_1980161.gbk
Sophora-alopecuroides-yellow-stunt-alphasatellite-8_taxid_1980173.gbk,Sophora-alopecuroides-yellow-stunt-alphasatellite-4_taxid_1980165.gbk
Sophora-alopecuroides-yellow-stunt-alphasatellite-8_taxid_1980173.gbk,Sophora-alopecuroides-yellow-stunt-alphasatellite-7a_taxid_1980168.gbk
Sophora-alopecuroides-yellow-stunt-alphasatellite-8_taxid_1980173.gbk,Sophora-alopecuroides-yellow-stunt-alphasatellite-9_taxid_1980174.gbk
Sophora-alopecuroides-yellow-stunt-alphasatellite-8_taxid_1980173.gbk,Subterranean-clover-stunt-C2-alphasatellite_taxid_1458458.gbk
Sophora-alopecuroides-yellow-stunt-alphasatellite-9_taxid_1980174.gbk,Black-medic-leafroll-alphasatellite-1_taxid_1441796.gbk
Sophora-alopecuroides-yellow-stunt-alphasatellite-9_taxid_1980174.gbk,Faba-bean-necrotic-stunt-alphasatellite-1_taxid_1441799.gbk
Sophora-alopecuroides-yellow-stunt-alphasatellite-9_taxid_1980174.gbk,Faba-bean-necrotic-stunt-alphasatellite-2_taxid_1441800.gbk
Sophora-alopecuroides-yellow-stunt-alphasatellite-9_taxid_1980174.gbk,Faba-bean-necrotic-yellows-C1-alphasatellite_taxid_1453080.gbk
Sophora-alopecuroides-yellow-stunt-alphasatellite-9_taxid_1980174.gbk,Faba-bean-necrotic-yellows-C11-alphasatellite_taxid_1453081.gbk
Sophora-alopecuroides-yellow-stunt-alphasatellite-9_taxid_1980174.gbk,Faba-bean-necrotic-yellows-C7-alphasatellite_taxid_1453082.gbk
Sophora-alopecuroides-yellow-stunt-alphasatellite-9_taxid_1980174.gbk,Faba-bean-necrotic-yellows-C9-alphasatellite_taxid_1453083.gbk
Sophora-alopecuroides-yellow-stunt-alphasatellite-9_taxid_1980174.gbk,Milk-vetch-dwarf-C1-alphasatellite_taxid_1455651.gbk
Sophora-alopecuroides-yellow-stunt-alphasatellite-9_taxid_1980174.gbk,Milk-vetch-dwarf-C10-alphasatellite_taxid_1455652.gbk
Sophora-alopecuroides-yellow-stunt-alphasatellite-9_taxid_1980174.gbk,Milk-vetch-dwarf-C2-alphasatellite_taxid_1455653.gbk
Sophora-alopecuroides-yellow-stunt-alphasatellite-9_taxid_1980174.gbk,Milk-vetch-dwarf-C3-alphasatellite_taxid_1455654.gbk
Sophora-alopecuroides-yellow-stunt-alphasatellite-9_taxid_1980174.gbk,Pea-necrotic-yellow-dwarf-alphasatellite-1_taxid_1441797.gbk
Sophora-alopecuroides-yellow-stunt-alphasatellite-9_taxid_1980174.gbk,Sophora-alopecuroides-yellow-stunt-alphasatellite-1a_taxid_1980161.gbk
Sophora-alopecuroides-yellow-stunt-alphasatellite-9_taxid_1980174.gbk,Sophora-alopecuroides-yellow-stunt-alphasatellite-4_taxid_1980165.gbk
Sophora-alopecuroides-yellow-stunt-alphasatellite-9_taxid_1980174.gbk,Sophora-alopecuroides-yellow-stunt-alphasatellite-7a_taxid_1980168.gbk
Sophora-alopecuroides-yellow-stunt-alphasatellite-9_taxid_1980174.gbk,Sophora-alopecuroides-yellow-stunt-alphasatellite-8_taxid_1980173.gbk
Sophora-alopecuroides-yellow-stunt-alphasatellite-9_taxid_1980174.gbk,Subterranean-clover-stunt-C2-alphasatellite_taxid_1458458.gbk
Subterranean-clover-stunt-C2-alphasatellite_taxid_1458458.gbk,Black-medic-leafroll-alphasatellite-1_taxid_1441796.gbk
Subterranean-clover-stunt-C2-alphasatellite_taxid_1458458.gbk,Faba-bean-necrotic-stunt-alphasatellite-1_taxid_1441799.gbk
Subterranean-clover-stunt-C2-alphasatellite_taxid_1458458.gbk,Faba-bean-necrotic-stunt-alphasatellite-2_taxid_1441800.gbk
Subterranean-clover-stunt-C2-alphasatellite_taxid_1458458.gbk,Faba-bean-necrotic-yellows-C1-alphasatellite_taxid_1453080.gbk
Subterranean-clover-stunt-C2-alphasatellite_taxid_1458458.gbk,Faba-bean-necrotic-yellows-C11-alphasatellite_taxid_1453081.gbk
Subterranean-clover-stunt-C2-alphasatellite_taxid_1458458.gbk,Faba-bean-necrotic-yellows-C7-alphasatellite_taxid_1453082.gbk
Subterranean-clover-stunt-C2-alphasatellite_taxid_1458458.gbk,Faba-bean-necrotic-yellows-C9-alphasatellite_taxid_1453083.gbk
Subterranean-clover-stunt-C2-alphasatellite_taxid_1458458.gbk,Milk-vetch-dwarf-C1-alphasatellite_taxid_1455651.gbk
Subterranean-clover-stunt-C2-alphasatellite_taxid_1458458.gbk,Milk-vetch-dwarf-C10-alphasatellite_taxid_1455652.gbk
Subterranean-clover-stunt-C2-alphasatellite_taxid_1458458.gbk,Milk-vetch-dwarf-C2-alphasatellite_taxid_1455653.gbk
Subterranean-clover-stunt-C2-alphasatellite_taxid_1458458.gbk,Milk-vetch-dwarf-C3-alphasatellite_taxid_1455654.gbk
Subterranean-clover-stunt-C2-alphasatellite_taxid_1458458.gbk,Pea-necrotic-yellow-dwarf-alphasatellite-1_taxid_1441797.gbk
Subterranean-clover-stunt-C2-alphasatellite_taxid_1458458.gbk,Sophora-alopecuroides-yellow-stunt-alphasatellite-1a_taxid_1980161.gbk
Subterranean-clover-stunt-C2-alphasatellite_taxid_1458458.gbk,Sophora-alopecuroides-yellow-stunt-alphasatellite-4_taxid_1980165.gbk
Subterranean-clover-stunt-C2-alphasatellite_taxid_1458458.gbk,Sophora-alopecuroides-yellow-stunt-alphasatellite-7a_taxid_1980168.gbk
Subterranean-clover-stunt-C2-alphasatellite_taxid_1458458.gbk,Sophora-alopecuroides-yellow-stunt-alphasatellite-8_taxid_1980173.gbk
Subterranean-clover-stunt-C2-alphasatellite_taxid_1458458.gbk,Sophora-alopecuroides-yellow-stunt-alphasatellite-9_taxid_1980174.gbk
