"","Taxid","Num_q_global","Num_q_local","aa_length","Pfam_id","Pfam_name","HMMER_score","biasq","c_value","i_value","hmmfrom","hmmto","alifrom","alito","envfrom","envto","acc","t_faa_index","Query_header","Query_ID","Other_ID","Prot_name","Full_sequence","COG_cluster","OMCL_cluster"
"1","1618238",1,1,412,"PF02407.18","Putative_viral_replication_protein","47.5","0.0","1.8e-16","1.7e-12","3","81","40","120","38","121","0.90",1,">ID:YP_009126916.1 |[Avon-Heathcote Estuary associated circular virus 15]||Avon-Heathcote-Estuary-associated-circular-virus-15_taxid_1618238.gbk|replication-associat..|1239|NC_026642(2817):373-1611:1 ^GeneID:23698206^ Avon-Heathcote Estuary associated circular virus 15 isolate AHEaCV-15-NZ-2320TU-2012, complete genome.|neighbours:start(),ID:YP_009126917.1(-1)|neighbour_genes:start(),putative capsid prot..|","YP_009126916.1","GeneID:23698206","replication-associat..","MHNTTALQSSYPNRNSRSPTANRDGAIRNQSPRTQQRLSRFVFTLNNWTEAEYTDIIASDVKWLVVGKEIGDEGTPHLQGAVVIGKQIAFSTVKKWPGFSRAHIENMRGKPFDSLKYCTKQDTDAFCKGEMPQEGKRNDLHDAINALKQGGTLTSIVKSDDVGLAAAVARYSKGLAMVSSMLKPRRSEPPLVIWLSGETGVGKTRSAVALADRIAPDNYWISAGSLRWFDGYDGHAIAIFDDLRTKHAEFSFLLRLLDRYPLRVEFKGGFIDWTPSVIVVTAPKSPTHMWSLRNDEDKQQLERRIHLAYDAEEGDDWELLLAKSEAIVAERWPTGSYPWKHYDEVNVGSDETTIPEERSCSLSTMGQEPDTSPSIIEIESDLSSEELVISSSEEEHSYETQRELFSTQYEKI","1_replication-associat...faa","1_replication-associat...faa"
"2","1618238",1,1,412,"PF00910.24","RNA_helicase","37.2","0.0","3.5e-13","3.4e-09","1","102","193","279","193","283","0.84",1,">ID:YP_009126916.1 |[Avon-Heathcote Estuary associated circular virus 15]||Avon-Heathcote-Estuary-associated-circular-virus-15_taxid_1618238.gbk|replication-associat..|1239|NC_026642(2817):373-1611:1 ^GeneID:23698206^ Avon-Heathcote Estuary associated circular virus 15 isolate AHEaCV-15-NZ-2320TU-2012, complete genome.|neighbours:start(),ID:YP_009126917.1(-1)|neighbour_genes:start(),putative capsid prot..|","YP_009126916.1","GeneID:23698206","replication-associat..","MHNTTALQSSYPNRNSRSPTANRDGAIRNQSPRTQQRLSRFVFTLNNWTEAEYTDIIASDVKWLVVGKEIGDEGTPHLQGAVVIGKQIAFSTVKKWPGFSRAHIENMRGKPFDSLKYCTKQDTDAFCKGEMPQEGKRNDLHDAINALKQGGTLTSIVKSDDVGLAAAVARYSKGLAMVSSMLKPRRSEPPLVIWLSGETGVGKTRSAVALADRIAPDNYWISAGSLRWFDGYDGHAIAIFDDLRTKHAEFSFLLRLLDRYPLRVEFKGGFIDWTPSVIVVTAPKSPTHMWSLRNDEDKQQLERRIHLAYDAEEGDDWELLLAKSEAIVAERWPTGSYPWKHYDEVNVGSDETTIPEERSCSLSTMGQEPDTSPSIIEIESDLSSEELVISSSEEEHSYETQRELFSTQYEKI","1_replication-associat...faa","1_replication-associat...faa"
"3","1618242",3,1,386,"PF08398.12","Phospholipase_A2-like_domain","55.4","0.0","3.2e-19","6.2e-15","3","83","21","98","19","98","0.96",1,">ID:YP_009126924.1 |[Avon-Heathcote Estuary associated circular virus 19]||Avon-Heathcote-Estuary-associated-circular-virus-19_taxid_1618242.gbk|putative capsid prot..|1161|NC_026646(2784):88-1248:1 ^GeneID:23698222^ Avon-Heathcote Estuary associated circular virus 19 isolate AHEaCV-19-NZ-4942GA-2012, complete genome.|neighbours:start(),ID:YP_009126925.1(-1)|neighbour_genes:start(),replication-associat..|","YP_009126924.1","GeneID:23698222","putative capsid prot..","MARSRRRYKKSSRSRWSFPALHYPGYNYLGPGTKNFDRAPRNDLDAAARKHDLDYGKLQRGGRNPYFKWFKADQRFLDRIAKDKSVPGWIARQTFRAKKYFAPQGDELPRKHTGKRSRSAIPVYLIDRFSHKKQKTLGGSLKKMRRTWRRPRALKRRRSASYGRKRRYKRRRYPSMKPLYRKIKRVAKGLGRMQHQNAVANVYRDVSSGNVSWDAGECAYKDITAILTSGQMDNVLSTFRVLQMDAGVNSRETLDLDTGTATANVKFVNARSRTVFRNNTTQRANIAVYVLTPTQDLSNTPSSLVSSGLTTAEATAPSIDIKYWPVDSPIFRRYWKIVKKRTRALDPGDEMTVMMRRNKPFSWNNKPNDVNAESYRGMKSQVVMVR","1_replication-associat...faa","1_replication-associat...faa"
"4","1618242",4,2,303,"PF02407.18","Putative_viral_replication_protein","41.4","0.1","1.4e-14","1.3e-10","3","82","6","99","4","99","0.78",3,">ID:YP_009126925.1 |[Avon-Heathcote Estuary associated circular virus 19]||Avon-Heathcote-Estuary-associated-circular-virus-19_taxid_1618242.gbk|replication-associat..|912|NC_026646(2784):1462-2373:-1 ^GeneID:23698221^ Avon-Heathcote Estuary associated circular virus 19 isolate AHEaCV-19-NZ-4942GA-2012, complete genome.|neighbours:ID:YP_009126924.1(1),end()|neighbour_genes:putative capsid prot..,end()|","YP_009126925.1","GeneID:23698221","replication-associat..","MSRKRNWCFTLFPDQDGYYTDNIADMVSGDYDFEEQKIRFIIFQEEICPESSRRHLQGYVEYTVSRRLAAVKLSLGSESVHLEGRRGTASEAAEYCEKEDSFAPDGIRFQWGELGGEQGARSDLATVASAVISGKRVEEVALEFPTTFIRYNRGIEKLTNVVRRKEQMRNLRMLKVVVLWGDAGTGKTRTAFELSPDHYILSQQDGQLWWDGYEGQKHLIIDDFYGWIKWGLFLRILDIYPLQLPVKGGFTIASWDVVFITSNCMPRNWYERGMPAELARRLTHIVEFESYETDFDKIKEILV","1_replication-associat...faa","1_replication-associat...faa"
"5","1618242",4,2,303,"PF00910.24","RNA_helicase","36.0","0.0","7.9e-13","7.6e-09","1","107","177","264","177","264","0.91",3,">ID:YP_009126925.1 |[Avon-Heathcote Estuary associated circular virus 19]||Avon-Heathcote-Estuary-associated-circular-virus-19_taxid_1618242.gbk|replication-associat..|912|NC_026646(2784):1462-2373:-1 ^GeneID:23698221^ Avon-Heathcote Estuary associated circular virus 19 isolate AHEaCV-19-NZ-4942GA-2012, complete genome.|neighbours:ID:YP_009126924.1(1),end()|neighbour_genes:putative capsid prot..,end()|","YP_009126925.1","GeneID:23698221","replication-associat..","MSRKRNWCFTLFPDQDGYYTDNIADMVSGDYDFEEQKIRFIIFQEEICPESSRRHLQGYVEYTVSRRLAAVKLSLGSESVHLEGRRGTASEAAEYCEKEDSFAPDGIRFQWGELGGEQGARSDLATVASAVISGKRVEEVALEFPTTFIRYNRGIEKLTNVVRRKEQMRNLRMLKVVVLWGDAGTGKTRTAFELSPDHYILSQQDGQLWWDGYEGQKHLIIDDFYGWIKWGLFLRILDIYPLQLPVKGGFTIASWDVVFITSNCMPRNWYERGMPAELARRLTHIVEFESYETDFDKIKEILV","1_replication-associat...faa","1_replication-associat...faa"
"6","1618251",6,2,307,"PF02407.18","Putative_viral_replication_protein","54.6","0.0","5.3e-19","1e-14","20","81","23","86","10","87","0.93",3,">ID:YP_009126881.1 |[Avon-Heathcote Estuary associated circular virus 27]||Avon-Heathcote-Estuary-associated-circular-virus-27_taxid_1618251.gbk|replication-associat..|924|NC_026627(2632):1176-2099:-1 ^GeneID:23698146^ Avon-Heathcote Estuary associated circular virus 27 isolate AHEaCV-27-NZ-2332TU-2012, complete genome.|neighbours:ID:YP_009126880.1(1),end()|neighbour_genes:putative capsid prot..,end()|","YP_009126881.1","GeneID:23698146","replication-associat..","MPAKQAFNMPFTAFDVEDIEWKPDHMKYLLYGRETCPSTGREHLQGYVQFIKKQTIAGAKKIFDNATIHFEFALGDYEENFKYCTKTRVNDMVPNVYFERGEPTRKKGQRNDIQEVIRRIESGNDLRDLMFDDEVNQTVARCMPFVRQAIADFKAGKGLSAIKSKLESAQLRSWQHGVKSLVEQEPEGRSVYWYWDTKGNTGKSFMVDWLVAFHKAVVFTHGKMHDIAHAYNHEKVVCFDLSRTQEEKLDAVYMALECFKNGRMFSGKYESTTKIFEVPHVFVFANFAPDKTKLSEDRWKVTEIISF","5_putative_capsid_prot...faa","5_putative_capsid_prot...faa"
"7","1618254",8,2,264,"PF02407.18","Putative_viral_replication_protein","35.7","0.0","8.4e-13","8.1e-09","2","82","5","81","4","81","0.91",3,">ID:YP_009126877.1 |[Avon-Heathcote Estuary associated circular virus 3]||Avon-Heathcote-Estuary-associated-circular-virus-3_taxid_1618254.gbk|replication-associat..|795|NC_026625(2656):1525-2319:-1 ^GeneID:23698140^ Avon-Heathcote Estuary associated circular virus 3 isolate AHEaCV-3-NZ-3030C2-2012, complete genome.|neighbours:ID:YP_009126876.1(1),end()|neighbour_genes:putative capsid prot..,end()|","YP_009126877.1","GeneID:23698140","replication-associat..","MNQARFWILTIRHADFLPYLPPTVDYLRGQLERGDGGFLHWQLVVHFARKVRLGGVKGIFGDSTHAEPTRSDAAREYVWKEDSAVPNTRFELGKIPVRRGVSHDWDAVRESAKRGRLDDIPADIYCRLYGNFKRIAVDHMVPLGIEREVNVYWGVTGSGKSRRAWNEAGLDAFPKDPRTKFWDGYRGHENVVIDEFRGGIDVAHLLRWFDRYPVVVEVKGSSVVLSAKHIWITSNLDPREWYADLDAETLAALLRRLKITQFAI","1_replication-associat...faa","1_replication-associat...faa"
"8","1618254",8,2,264,"PF00910.24","RNA_helicase","29.1","0.0","1.1e-10","1.1e-06","4","107","153","236","151","236","0.89",3,">ID:YP_009126877.1 |[Avon-Heathcote Estuary associated circular virus 3]||Avon-Heathcote-Estuary-associated-circular-virus-3_taxid_1618254.gbk|replication-associat..|795|NC_026625(2656):1525-2319:-1 ^GeneID:23698140^ Avon-Heathcote Estuary associated circular virus 3 isolate AHEaCV-3-NZ-3030C2-2012, complete genome.|neighbours:ID:YP_009126876.1(1),end()|neighbour_genes:putative capsid prot..,end()|","YP_009126877.1","GeneID:23698140","replication-associat..","MNQARFWILTIRHADFLPYLPPTVDYLRGQLERGDGGFLHWQLVVHFARKVRLGGVKGIFGDSTHAEPTRSDAAREYVWKEDSAVPNTRFELGKIPVRRGVSHDWDAVRESAKRGRLDDIPADIYCRLYGNFKRIAVDHMVPLGIEREVNVYWGVTGSGKSRRAWNEAGLDAFPKDPRTKFWDGYRGHENVVIDEFRGGIDVAHLLRWFDRYPVVVEVKGSSVVLSAKHIWITSNLDPREWYADLDAETLAALLRRLKITQFAI","1_replication-associat...faa","1_replication-associat...faa"
"9","1379715",9,1,292,"PF02407.18","Putative_viral_replication_protein","65.3","0.0","4.9e-22","4.7e-18","3","81","8","93","6","94","0.88",1,">ID:YP_009109663.1 |[Circoviridae 11 LDMD-2013]||Circoviridae-11-LDMD-2013_taxid_1379715.gbk|replication-associat..|879|NC_025716(2917):113-991:1 ^GeneID:22276058^ Circoviridae 11 LDMD-2013, complete genome.|neighbours:start(),ID:YP_009109664.1(1)|neighbour_genes:start(),hypothetical protein|","YP_009109663.1","GeneID:22276058","replication-associat..","MPTPRGVYWCWTLNNYTPEELSHCRTLCDRAEDVTYVCFSREVGDSGTPHLQGYLELAAKLRLGGLRKLDGLGRAHLELRKGTQAEAIDYCRKDGNETFEEHGTRKTSSQGKRMDLEAVKALLDGGAPLREVADQHFGTFVRYGRGIAQYQLVTAKKRARDVSVHVLWGAPGVGKTRWIFERHADDLWICNDPTLQWFDGYQGESVVLIDDFRGEASPAFMLRLLDRYPLQVPIKGGFTEWRATTIYITSNVAPPFGMESIVAPLARRLSIVQELPKQEYDITEAALNEIFN","10_hypothetical_protein.faa","10_hypothetical_protein.faa"
"10","1379715",9,1,292,"PF00910.24","RNA_helicase","35.2","0.0","1.4e-12","1.4e-08","2","107","166","252","165","252","0.89",1,">ID:YP_009109663.1 |[Circoviridae 11 LDMD-2013]||Circoviridae-11-LDMD-2013_taxid_1379715.gbk|replication-associat..|879|NC_025716(2917):113-991:1 ^GeneID:22276058^ Circoviridae 11 LDMD-2013, complete genome.|neighbours:start(),ID:YP_009109664.1(1)|neighbour_genes:start(),hypothetical protein|","YP_009109663.1","GeneID:22276058","replication-associat..","MPTPRGVYWCWTLNNYTPEELSHCRTLCDRAEDVTYVCFSREVGDSGTPHLQGYLELAAKLRLGGLRKLDGLGRAHLELRKGTQAEAIDYCRKDGNETFEEHGTRKTSSQGKRMDLEAVKALLDGGAPLREVADQHFGTFVRYGRGIAQYQLVTAKKRARDVSVHVLWGAPGVGKTRWIFERHADDLWICNDPTLQWFDGYQGESVVLIDDFRGEASPAFMLRLLDRYPLQVPIKGGFTEWRATTIYITSNVAPPFGMESIVAPLARRLSIVQELPKQEYDITEAALNEIFN","10_hypothetical_protein.faa","10_hypothetical_protein.faa"
"11","1379717",14,1,292,"PF02407.18","Putative_viral_replication_protein","65.4","0.0","4.5e-22","4.3e-18","2","81","3","89","2","90","0.88",1,">ID:YP_009109668.1 |[Circoviridae 13 LDMD-2013]||Circoviridae-13-LDMD-2013_taxid_1379717.gbk|replication-associat..|879|NC_025717(2658):73-1023:1 ^GeneID:22276061^ |neighbours:start(),ID:YP_009109669.1(1)|neighbour_genes:start(),hypothetical protein|","YP_009109668.1","GeneID:22276061","replication-associat..","MSKYWCFTLNNYTREEEEAVKALCEGESPIADYLVYGRERGEGEDTPHLQGYIEFKNRKRFSTVRTVIPRAHIERRMGSASEAAAYCKKDEDFFEHGVISQGQGARNDLARLHEAIFVEQKSVAHVQEEYFGSYIKYHRGIEKVLQQRAKPRTWKSRVVVYWGPTGTGKTRRCFASSDPPTWIYSSDGWFDGYQGDETVLFDDFGGHEFRLTHLLKLLDRYPMRVKVKGSFVQWCPKTIYITSNIEPAFWYPNAREVHREALMRRIDDIEEMADEWVPPVPVENEVIDLTDE","15_hypothetical_protein.faa","15_hypothetical_protein.faa"
"12","1379717",14,1,292,"PF00910.24","RNA_helicase","30.7","0.0","3.5e-11","3.3e-07","2","106","160","244","159","245","0.90",1,">ID:YP_009109668.1 |[Circoviridae 13 LDMD-2013]||Circoviridae-13-LDMD-2013_taxid_1379717.gbk|replication-associat..|879|NC_025717(2658):73-1023:1 ^GeneID:22276061^ |neighbours:start(),ID:YP_009109669.1(1)|neighbour_genes:start(),hypothetical protein|","YP_009109668.1","GeneID:22276061","replication-associat..","MSKYWCFTLNNYTREEEEAVKALCEGESPIADYLVYGRERGEGEDTPHLQGYIEFKNRKRFSTVRTVIPRAHIERRMGSASEAAAYCKKDEDFFEHGVISQGQGARNDLARLHEAIFVEQKSVAHVQEEYFGSYIKYHRGIEKVLQQRAKPRTWKSRVVVYWGPTGTGKTRRCFASSDPPTWIYSSDGWFDGYQGDETVLFDDFGGHEFRLTHLLKLLDRYPMRVKVKGSFVQWCPKTIYITSNIEPAFWYPNAREVHREALMRRIDDIEEMADEWVPPVPVENEVIDLTDE","15_hypothetical_protein.faa","15_hypothetical_protein.faa"
"13","1379718",16,1,280,"PF02407.18","Putative_viral_replication_protein","54.1","0.0","1.5e-18","1.4e-14","1","81","6","92","6","93","0.89",1,">ID:YP_009109670.1 |[Circoviridae 14 LDMD-2013]||Circoviridae-14-LDMD-2013_taxid_1379718.gbk|replication-associat..|843|NC_025718(3161):166-1008:1 ^GeneID:22276065^ Circoviridae 14 LDMD-2013, complete genome.|neighbours:start(),ID:YP_009109671.1(1)|neighbour_genes:start(),hypothetical protein|","YP_009109670.1","GeneID:22276065","replication-associat..","MPGRQSRRWIATLNNYQESHLSALSSLVPDSLNYLLYGKEVAPSTNTPHLQIYLETQKKKTLNGLKKLLGIKSIHLEIAEGTQQQNLIYCKKDGQFFEIGKLMESGTKKSITEVSHAIANGANVTEIARNYTETFIRYPRGIERAINLLNNEARDFKTFVKVYYGKTGTGKSYKAHQENPELWTHGGDRWFDNYAAHEVALFDDFEGIKSGISFRKLLQLCDRYPLVVPVKNSFVNWRPKVIIFTTNVKPEQWYPEDNYAPLRRRIDELIDFDMFPYNGP","17_hypothetical_protein.faa","17_hypothetical_protein.faa"
"14","1379718",16,1,280,"PF00910.24","RNA_helicase","35.5","0.0","1.2e-12","1.1e-08","3","107","163","248","162","248","0.91",1,">ID:YP_009109670.1 |[Circoviridae 14 LDMD-2013]||Circoviridae-14-LDMD-2013_taxid_1379718.gbk|replication-associat..|843|NC_025718(3161):166-1008:1 ^GeneID:22276065^ Circoviridae 14 LDMD-2013, complete genome.|neighbours:start(),ID:YP_009109671.1(1)|neighbour_genes:start(),hypothetical protein|","YP_009109670.1","GeneID:22276065","replication-associat..","MPGRQSRRWIATLNNYQESHLSALSSLVPDSLNYLLYGKEVAPSTNTPHLQIYLETQKKKTLNGLKKLLGIKSIHLEIAEGTQQQNLIYCKKDGQFFEIGKLMESGTKKSITEVSHAIANGANVTEIARNYTETFIRYPRGIERAINLLNNEARDFKTFVKVYYGKTGTGKSYKAHQENPELWTHGGDRWFDNYAAHEVALFDDFEGIKSGISFRKLLQLCDRYPLVVPVKNSFVNWRPKVIIFTTNVKPEQWYPEDNYAPLRRRIDELIDFDMFPYNGP","17_hypothetical_protein.faa","17_hypothetical_protein.faa"
"15","1379719",21,3,290,"PF02407.18","Putative_viral_replication_protein","51.8","0.0","8.2e-18","7.9e-14","4","82","7","94","4","94","0.83",5,">ID:YP_009109675.1 |[Circoviridae 15 LDMD-2013]||Circoviridae-15-LDMD-2013_taxid_1379719.gbk|replication-associat..|873|NC_025719(2676):1356-2228:-1 ^GeneID:22276068^ Circoviridae 15 LDMD-2013, complete genome.|neighbours:ID:YP_009109674.1(1),end()|neighbour_genes:hypothetical protein,end()|","YP_009109675.1","GeneID:22276068","replication-associat..","MSRLRNVCFTLYNADPEDVASKLSELVDNQDSWLRYAIFQEEKCPESDRLHLQGYLECTKPVRFGTLKDFLGSTVHLERRRGNRQQARDYCRKEETRVRGPWECGDWNANKQGQRTDLDAIREMVVAGATEESIADEYFGTWARNHRAIARYKFLKSKPRDFKPRVIIRWGVAGSGKTRGVYDTHETAVVYNVPRPNGGTVWFDGYDPSVHEVVLLDDFYGWLPWSMLLQMLDRYPMSVPKKGSTCNFRAKFIYITSNADPETWYDYSKPGIEFEALKRRVDETHHFTTL","1_replication-associat...faa","1_replication-associat...faa"
"16","1379719",21,3,290,"PF00910.24","RNA_helicase","23.3","0.0","7.1e-09","6.8e-05","4","106","170","258","167","259","0.81",5,">ID:YP_009109675.1 |[Circoviridae 15 LDMD-2013]||Circoviridae-15-LDMD-2013_taxid_1379719.gbk|replication-associat..|873|NC_025719(2676):1356-2228:-1 ^GeneID:22276068^ Circoviridae 15 LDMD-2013, complete genome.|neighbours:ID:YP_009109674.1(1),end()|neighbour_genes:hypothetical protein,end()|","YP_009109675.1","GeneID:22276068","replication-associat..","MSRLRNVCFTLYNADPEDVASKLSELVDNQDSWLRYAIFQEEKCPESDRLHLQGYLECTKPVRFGTLKDFLGSTVHLERRRGNRQQARDYCRKEETRVRGPWECGDWNANKQGQRTDLDAIREMVVAGATEESIADEYFGTWARNHRAIARYKFLKSKPRDFKPRVIIRWGVAGSGKTRGVYDTHETAVVYNVPRPNGGTVWFDGYDPSVHEVVLLDDFYGWLPWSMLLQMLDRYPMSVPKKGSTCNFRAKFIYITSNADPETWYDYSKPGIEFEALKRRVDETHHFTTL","1_replication-associat...faa","1_replication-associat...faa"
"17","1379722",22,1,263,"PF00910.24","RNA_helicase","30.6","0.0","2e-11","3.8e-07","2","106","151","235","150","236","0.91",1,">ID:YP_009109683.1 |[Circoviridae 18 LDMD-2013]||Circoviridae-18-LDMD-2013_taxid_1379722.gbk|replication-associat..|792|NC_025722(2834):141-932:1 ^GeneID:22276081^ Circoviridae 18 LDMD-2013, complete genome.|neighbours:start(),ID:YP_009109684.1(1)|neighbour_genes:start(),hypothetical protein|","YP_009109683.1","GeneID:22276081","replication-associat..","MRRQGIFWMLTIPHASYTPYLPPDVTWTRGQLESGDGGYIHWQLLVGFAKKVSLRRVREVYGPIHAEISRSESAAAYVWKEDTRIDGTQFELGARPFRRNSATDWEAVWESAKRRDLESIPAQTRVVCYRSLLAIAASYDVPKPIVKSVYCFYGVSGSGKSRRAWDEAGVEAYSKDPRSKFWCGYQGQSNVVLDEFRGGIDVAHLLRWFDRYPVRVEIKGSSVPLAAERIWITSNLAPLQWYPELDPLTYEALMRRLDVTEFA","22_replication-associat...faa","22_replication-associat...faa"
"18","1379709",26,3,282,"PF02407.18","Putative_viral_replication_protein","73.6","0.0","1.3e-24","1.2e-20","2","81","7","95","6","96","0.89",5,">ID:YP_009109643.1 |[Circoviridae 5 LDMD-2013]||Circoviridae-5-LDMD-2013_taxid_1379709.gbk|replication-associat..|849|NC_025710(2603):1181-2029:-1 ^GeneID:22276027^ Circoviridae 5 LDMD-2013, complete genome.|neighbours:ID:YP_009109642.1(1),end()|neighbour_genes:hypothetical protein,end()|","YP_009109643.1","GeneID:22276027","replication-associat..","MPRVRAKRWCFTLNNPTDQEKDFMARLQLGELPTASNMKLTYLCFGREAVSTPHLQGYLELEKKSSLSSMKTFLTRAHWEKAKGSPKEAADYCKKDGDYEEVGKLSVGQGYRTDLLNVKEVLDGGATVAELADSHFRLWVQYRRSFKAYVDLKATPRRWKTVVVVLWGDTGTGKTRFCHDQTGDRSMWTSGDYKWFDGYDGQEVVLWDDYRGEYPIQQFLKLTDRYPMNVPIKGGFTNWKPKKIYITSNCCPSTWYKDVGSRTHEAFMRRLDVINFINKPIY","1_replication-associat...faa","1_replication-associat...faa"
"19","1379709",26,3,282,"PF00910.24","RNA_helicase","36.5","0.0","5.4e-13","5.2e-09","1","107","164","250","164","250","0.89",5,">ID:YP_009109643.1 |[Circoviridae 5 LDMD-2013]||Circoviridae-5-LDMD-2013_taxid_1379709.gbk|replication-associat..|849|NC_025710(2603):1181-2029:-1 ^GeneID:22276027^ Circoviridae 5 LDMD-2013, complete genome.|neighbours:ID:YP_009109642.1(1),end()|neighbour_genes:hypothetical protein,end()|","YP_009109643.1","GeneID:22276027","replication-associat..","MPRVRAKRWCFTLNNPTDQEKDFMARLQLGELPTASNMKLTYLCFGREAVSTPHLQGYLELEKKSSLSSMKTFLTRAHWEKAKGSPKEAADYCKKDGDYEEVGKLSVGQGYRTDLLNVKEVLDGGATVAELADSHFRLWVQYRRSFKAYVDLKATPRRWKTVVVVLWGDTGTGKTRFCHDQTGDRSMWTSGDYKWFDGYDGQEVVLWDDYRGEYPIQQFLKLTDRYPMNVPIKGGFTNWKPKKIYITSNCCPSTWYKDVGSRTHEAFMRRLDVINFINKPIY","1_replication-associat...faa","1_replication-associat...faa"
"20","1379710",28,2,179,"PF00910.24","RNA_helicase","22.5","0.0","6.3e-09","0.00012","1","89","58","129","58","142","0.85",3,">ID:YP_009109645.1 |[Circoviridae 6 LDMD-2013]||Circoviridae-6-LDMD-2013_taxid_1379710.gbk|replication-associat..|540|NC_025711(2711):523-1062:1 ^GeneID:22276030^ Circoviridae 6 LDMD-2013, complete genome.|neighbours:ID:YP_009109644.1(1),ID:YP_009109646.1(1)|neighbour_genes:replication-associat..,hypothetical protein|","YP_009109645.1","GeneID:22276030","replication-associat..","MGVDSPHWRRASHVRFLYLSQRLHLVMLLLCVFVSQNIHKKRKLHHRPLADMEAPVVVVLWGPTGTGKSHTAFLEASAPYVWGPGMGQWFDGYDAETDVIFEEFNGQIPFRQFLRLLDKYPCQVQTKGGSKYWGARRIWITSPVHPSQWYASLEEKSEGSLAQLMRRLTDVRNLLIRHT","27_replication-associat...faa","27_replication-associat...faa"
"21","1788439",30,1,324,"PF02407.18","Putative_viral_replication_protein","37.9","0.1","1.7e-13","1.7e-09","2","81","4","92","3","93","0.85",1,">ID:YP_009259700.1 |[Circovirus-like genome DCCV-11]||Circovirus-like-genome-DCCV-11_taxid_1788439.gbk|putative Rep protein|975|NC_030464(3124):241-1215:1 ^GeneID:37627635^ Circovirus-like genome DCCV-11, complete genome.|neighbours:start(),ID:YP_009259701.1(1)|neighbour_genes:start(),hypothetical protein|","YP_009259700.1","GeneID:37627635","putative Rep protein","MSSRRWVYTLFAAAEDDYSNLDDFERRLRDHQAFRGLCHQLECCPTTSKVHLQGYVEFEKPQRMAALKKLNSTVHLETAKGTREHCVRYCTKDETRVPESSPTVDPVLLGTTTQGRRNDLLETTLAIVNGELSRDDVFDTRPDLICKYARGINELLTYRAKKERQGDRELHTEVLWGDAGVGKTRYAYGRSTPEDVYILCKGNGGALWWDGYDGQSILVIDDFYGWVEHSVLLRILDRYPFKIDIKGSSTYANWKEVYITSNRHPSTWYTRAFPWTEDKALQRRLGAIYECKATMFGSTWKCEKSLKVRTVDRDFNIEELDNLL","1_replication-associat...faa","1_replication-associat...faa"
"22","1788439",30,1,324,"PF00910.24","RNA_helicase","35.8","0.0","9.2e-13","8.8e-09","2","106","174","262","174","263","0.85",1,">ID:YP_009259700.1 |[Circovirus-like genome DCCV-11]||Circovirus-like-genome-DCCV-11_taxid_1788439.gbk|putative Rep protein|975|NC_030464(3124):241-1215:1 ^GeneID:37627635^ Circovirus-like genome DCCV-11, complete genome.|neighbours:start(),ID:YP_009259701.1(1)|neighbour_genes:start(),hypothetical protein|","YP_009259700.1","GeneID:37627635","putative Rep protein","MSSRRWVYTLFAAAEDDYSNLDDFERRLRDHQAFRGLCHQLECCPTTSKVHLQGYVEFEKPQRMAALKKLNSTVHLETAKGTREHCVRYCTKDETRVPESSPTVDPVLLGTTTQGRRNDLLETTLAIVNGELSRDDVFDTRPDLICKYARGINELLTYRAKKERQGDRELHTEVLWGDAGVGKTRYAYGRSTPEDVYILCKGNGGALWWDGYDGQSILVIDDFYGWVEHSVLLRILDRYPFKIDIKGSSTYANWKEVYITSNRHPSTWYTRAFPWTEDKALQRRLGAIYECKATMFGSTWKCEKSLKVRTVDRDFNIEELDNLL","1_replication-associat...faa","1_replication-associat...faa"
"23","1788439",34,5,466,"PF08398.12","Phospholipase_A2-like_domain","47.2","0.2","1.1e-16","2.2e-12","1","83","7","84","7","84","0.87",9,">ID:YP_009259704.1 |[Circovirus-like genome DCCV-11]||Circovirus-like-genome-DCCV-11_taxid_1788439.gbk|hypothetical protein|1401|NC_030464(3124):1721-3121:1 ^GeneID:37627632^ Circovirus-like genome DCCV-11, complete genome.|neighbours:ID:YP_009259703.1(-1),end()|neighbour_genes:hypothetical protein,end()|","YP_009259704.1","GeneID:37627632","hypothetical protein","MTAKRRRGYHIPGYNYCGPGTYYEGKEPNPINKIDEACRRHDKDPRFNYRYYNDADQDLIDFVENHWNEDPIAAGIISGTFRTKRFITPYKRYRLEQKGEDLPSNSLTNDSSRTTKQVDTTMRRINKYRSRRRNMGVRRTRKYSSKYSARRTSRRFKVKGSTYSKSFSAKIARVLNPSKSYEYANGGAITMPTSQTRSIFVDPHVLPIANRTLGSDLGLATRSRMYSIYQKILGDTITAGYSGQQFWCMDRKEYFKFSNFSNSTMFITAYWVKPKSNNLVNATPLSYMDPGDMSALEFSNAVGGAPADLLGPPNAVGNLRSCDRQININEIPAFKKYWKITRMKNIKLEPNDQTTLLVNNGSKLVNANIYGDTEITFGDSRLLLRVKTELTADGTIALTNNNKGYAFTQQTLVYYLQQKCKICPKINKQIEKYIENPTGTGINAGFDPKMVGDPVDDAGISMDDVS","33_hypothetical_protein.faa","33_hypothetical_protein.faa"
"24","1788444",35,1,401,"PF00910.24","RNA_helicase","38.4","0.0","1.5e-13","1.4e-09","1","105","181","271","181","272","0.87",1,">ID:YP_009259720.1 |[Circovirus-like genome DCCV-4]||Circovirus-like-genome-DCCV-4_taxid_1788444.gbk|putative Rep protein|1206|NC_030470(2985):577-1782:1 ^GeneID:37627654^ Circovirus-like genome DCCV-4, complete genome.|neighbours:start(),ID:YP_009259721.1(1)|neighbour_genes:start(),hypothetical protein|","YP_009259720.1","GeneID:37627654","putative Rep protein","MRTNQVQQRDGARRNSHGLRFSRFVFTINGTTQQLAHDMACLKTLTPKWLIAANETCPTTQRKHIQGACILGKQVAFTTLKNMPGFTRAHIEVMKGTPAQSREYCTKEDKEPYEYGTMPQQGKRNDLQDAIAILKEGTSIRDLILTADLPTVATYVRYPKGLTSVSQAFRERQGHIQPFVLWLHGSTGVGKTRCALELAEYLGCGSDVWVSNASLQWFDGYDGQRVAVLDDYRTNHCKFSTILRLLDRYRFSVPFKGGFVLWQPLFIIITTPKSARAMWNLRTEEDIAQLERRITLSVDVDGHEDGYDVFRDTIFGQVRERVSESPHFSHLAGLLPADAMDLSADCDRSADSSESGAIPDPVELRERGGRGSGLRDGVCGDSNSDATASASISSSLSEESD","1_replication-associat...faa","1_replication-associat...faa"
"25","1788444",35,1,401,"PF02407.18","Putative_viral_replication_protein","30.1","0.0","4.6e-11","4.4e-07","3","82","23","108","21","108","0.81",1,">ID:YP_009259720.1 |[Circovirus-like genome DCCV-4]||Circovirus-like-genome-DCCV-4_taxid_1788444.gbk|putative Rep protein|1206|NC_030470(2985):577-1782:1 ^GeneID:37627654^ Circovirus-like genome DCCV-4, complete genome.|neighbours:start(),ID:YP_009259721.1(1)|neighbour_genes:start(),hypothetical protein|","YP_009259720.1","GeneID:37627654","putative Rep protein","MRTNQVQQRDGARRNSHGLRFSRFVFTINGTTQQLAHDMACLKTLTPKWLIAANETCPTTQRKHIQGACILGKQVAFTTLKNMPGFTRAHIEVMKGTPAQSREYCTKEDKEPYEYGTMPQQGKRNDLQDAIAILKEGTSIRDLILTADLPTVATYVRYPKGLTSVSQAFRERQGHIQPFVLWLHGSTGVGKTRCALELAEYLGCGSDVWVSNASLQWFDGYDGQRVAVLDDYRTNHCKFSTILRLLDRYRFSVPFKGGFVLWQPLFIIITTPKSARAMWNLRTEEDIAQLERRITLSVDVDGHEDGYDVFRDTIFGQVRERVSESPHFSHLAGLLPADAMDLSADCDRSADSSESGAIPDPVELRERGGRGSGLRDGVCGDSNSDATASASISSSLSEESD","1_replication-associat...faa","1_replication-associat...faa"
"26","1788447",39,2,275,"PF00910.24","RNA_helicase","34.3","0.0","1.4e-12","2.6e-08","2","106","163","247","162","248","0.82",3,">ID:YP_009259675.1 |[Circovirus-like genome DCCV-7]||Circovirus-like-genome-DCCV-7_taxid_1788447.gbk|hypothetical protein|828|NC_030455(3021):254-1081:1 ^GeneID:37627667^ Circovirus-like genome DCCV-7, complete genome.|neighbours:ID:YP_009259674.1(1),ID:YP_009259676.1(1)|neighbour_genes:putative Rep protein,hypothetical protein|","YP_009259675.1","GeneID:37627667","hypothetical protein","MASSKHRRQGIFWLLTVPSPNSVCAGMESGNLPDGLVWCKGQKERGESTGYEHYQLVVAFAKKVSLPGVTRMFGRSSHGELSRSEAANAYVGKEETRIGEPFELGAKPIRRNNKTDWDSVWTAAKSGDLDSVPANIRVVSYHALRAIRSDHAQPQAIERRVYVFWGSTGTGKSRRAWDEAGEGAYSKCPRSKFWDGYQDQEHVVIDEFRGGIDVAHLLRWFDRYPVRVEIKGSSRPLVGRTIWITSNLEPSSWYPGLDEETFQALLRRLTVVHFP","22_replication-associat...faa","22_replication-associat...faa"
"27","1788448",44,2,263,"PF00910.24","RNA_helicase","28.5","0.0","8.4e-11","1.6e-06","2","106","151","235","150","236","0.87",3,">ID:YP_009259682.1 |[Circovirus-like genome DCCV-8]||Circovirus-like-genome-DCCV-8_taxid_1788448.gbk|putative Rep protein|792|NC_030457(2651):377-1168:1 ^GeneID:37627673^ Circovirus-like genome DCCV-8, complete genome.|neighbours:ID:YP_009259681.1(1),ID:YP_009259683.1(1)|neighbour_genes:hypothetical protein,hypothetical protein|","YP_009259682.1","GeneID:37627673","putative Rep protein","MRQARYWICTIPRDSWTPELPNGAAWCIGQPERGESGYLHWQVLVSFPSKKTIAQVKAAFGLQGMHVEATRSSAAEAYVHKEETRDGDPFEFGSRAVNRNNAADWDRVKELAQAGNLDLVPADIYIRYYRTLTAIASDYEVPVGIEKNVFVFYGRTGTGKSRRAWEEAGPGAYSKDPRSKFWCGYRSDEHVVIDEFRGGIDISHLLRWLDRYPVRVEIKGGSRPLKATKIWITSNLHPMNWYIDLDQETKNALIRRLQITEFQ","22_replication-associat...faa","22_replication-associat...faa"
"28","1788451",47,1,274,"PF00910.24","RNA_helicase","34.7","0.0","1e-12","2e-08","2","107","156","241","155","241","0.94",1,">ID:YP_009259732.1 |[Circovirus-like genome DHCV-2]||Circovirus-like-genome-DHCV-2_taxid_1788451.gbk|putative Rep protein|825|NC_030474(2854):492-1316:1 ^GeneID:37627686^ Circovirus-like genome DHCV-2, complete genome.|neighbours:start(),ID:YP_009259733.1(1)|neighbour_genes:start(),hypothetical protein|","YP_009259732.1","GeneID:37627686","putative Rep protein","MPAIPDQQRWWILTIPHADFTPYLFAGAKYVRGQLELGAGTGFLHWQIVVQFEKPQRLTAVKKLLGQSVHAEPTRSEAAVEYVWKEDTRVDGTQFELGNRALRRNDKKDWNQIRDDAKSGNMDDIPADVYIRCYNSLRRIGVDHLVPVAVEKRVFVFWGATGTGKSRRAWEEAGISAYPKDPRSKFWDGYRSHESVVIDEFRGGIDISHMLRWLDRHPVIVEVKGSSVVFSARTIWITSNLSPDTWYPGIDEETRLALRRRFTQVVHFNAELGQ","22_replication-associat...faa","22_replication-associat...faa"
"29","2480197",56,2,307,"PF00910.24","RNA_helicase","36.9","0.0","4.1e-13","3.9e-09","1","62","171","222","171","257","0.88",3,">ID:YP_009551983.1 |[Ecklonia radiata-associated virus 7]||Ecklonia-radiata-associated-virus-7_taxid_2480197.gbk|Rep-B|924|NC_040567(2803):1133-2056:-1 ^GeneID:41702954^ Ecklonia radiata-associated virus 7 capsid-like protein and Rep-B genes, complete cds.|neighbours:ID:YP_009551982.1(1),end()|neighbour_genes:capsid-like protein,end()|","YP_009551983.1","GeneID:41702954","Rep-B","MTRRNRHAVKAWFLTISQVAEGENNQKLKALIEEKALSVQDEVLEYVYCNELHADNGRHVHAYVKLRKGVTHANAPGFFHVFHNTANCEPARSAQAVIKYCTKEGDYITNIPHKVTRKKRTKVSXDVVLNKTTEEAFSEGIISFTQVTAYZRARRLATLSQTYNHDGVRGLWFYGPSGTGKSRSARHSSLIEGKRFLKPQNKWWDGYAGEPIVVLDDLDTDVLGHHLKIWSDRYACTGETKGSTCNLLHKQFIVTSNYSIEELFQKSTMNIEPLKRRFKEVYFPESTSNQQPNLYQXSAFLXNQXND","55_capsid-like_protein.faa","55_capsid-like_protein.faa"
"30","2480197",56,2,307,"PF00799.22","Geminivirus_Rep_catalytic_domain","28.0","0.4","2.4e-10","2.3e-06","3","106","7","109","5","115","0.78",3,">ID:YP_009551983.1 |[Ecklonia radiata-associated virus 7]||Ecklonia-radiata-associated-virus-7_taxid_2480197.gbk|Rep-B|924|NC_040567(2803):1133-2056:-1 ^GeneID:41702954^ Ecklonia radiata-associated virus 7 capsid-like protein and Rep-B genes, complete cds.|neighbours:ID:YP_009551982.1(1),end()|neighbour_genes:capsid-like protein,end()|","YP_009551983.1","GeneID:41702954","Rep-B","MTRRNRHAVKAWFLTISQVAEGENNQKLKALIEEKALSVQDEVLEYVYCNELHADNGRHVHAYVKLRKGVTHANAPGFFHVFHNTANCEPARSAQAVIKYCTKEGDYITNIPHKVTRKKRTKVSXDVVLNKTTEEAFSEGIISFTQVTAYZRARRLATLSQTYNHDGVRGLWFYGPSGTGKSRSARHSSLIEGKRFLKPQNKWWDGYAGEPIVVLDDLDTDVLGHHLKIWSDRYACTGETKGSTCNLLHKQFIVTSNYSIEELFQKSTMNIEPLKRRFKEVYFPESTSNQQPNLYQXSAFLXNQXND","55_capsid-like_protein.faa","55_capsid-like_protein.faa"
"31","2016456",59,1,288,"PF00910.24","RNA_helicase","32.7","0.0","4.3e-12","8.3e-08","2","107","176","261","175","261","0.92",1,">ID:YP_009389456.1 |[Giant panda circovirus 1]|gpci001|Giant-panda-circovirus-1_taxid_2016456.gbk|replication-associat..|867|NC_035200(2745):1-867:1 ^GeneID:33350012^ Giant panda circovirus 1 strain gpci001, complete genome.|neighbours:start(),ID:YP_009389457.1(1)|neighbour_genes:start(),capsid protein|","YP_009389456.1","GeneID:33350012","replication-associat..","MSQPEPLLSRSEASEDGSRSSKSRRQGRYWILTISCDSNPWTPTALLPGQSYVVGQQEVGVGGFKHWQVMVAYSKKVGLRCVQRDFGSCHAELTYSDSAREYCRKEDTRVEGTQFEFGTLATRRNSETDWDVIRDAAQLSDLSGVPSDIYVRCYNQLRRIGQDHLRPVGMERTCHVFWGRTGTGKSRRAWEEAGLCAYPKDPNTKFWDGYRNHEHVVIDEFRGIINISNLLRWLDRYPVIVEVKGSSVVFCARTIWITSNVNPEQWYPDADQETKDALLRRLTVVYFE","22_replication-associat...faa","22_replication-associat...faa"
"32","2016458",61,1,299,"PF02407.18","Putative_viral_replication_protein","48.0","0.3","6.3e-17","1.2e-12","3","81","11","87","9","88","0.89",1,">ID:YP_009389439.1 |[Giant panda circovirus 3]|gpci003|Giant-panda-circovirus-3_taxid_2016458.gbk|replication-associat..|900|NC_035194(2653):1-900:1 ^GeneID:33349993^ Giant panda circovirus 3 strain gpci003, complete genome.|neighbours:start(),ID:YP_009389440.1(-1)|neighbour_genes:start(),capsid protein|","YP_009389439.1","GeneID:33349993","replication-associat..","MPANENTPGKYWCFTSYHNDCPVFDAGTMQYLVYGGEICPRTERRHWQCYVEFKSNKRRKAVSKMFNGVHLERRNGTAQEAATYCKKDEQFVEHGSIGEVNQGRRTDIHDAASLVAAGQSVRSIAESNPRLFAQYGRGLTFLSAVTNSGRSIRWRDVKCQMWWGKTNLNKTRTWFDKYWDEGCYRFQYGNGKSWWDGYDGEKHILFDEFNCQILLSEMLMLTDGYPMRLECKGSHTYAKWETVTIISNDDPQFFYNSCSTDKRNAFARRFEKLIHFTSEGQIESEYKFAESSVGFFDRA","62_capsid_protein.faa","62_capsid_protein.faa"
"33","1525173",64,1,370,"PF02407.18","Putative_viral_replication_protein","27.5","0.0","3.1e-10","3e-06","14","81","27","96","9","97","0.83",1,">ID:YP_009051960.1 |[Human circovirus VS6600022]||Human-circovirus-VS6600022_taxid_1525173.gbk|replication-associat..|1113|NC_024694(2836):1-1113:1 ^GeneID:20041373^ Human circovirus VS6600022, complete genome.|neighbours:start(),ID:YP_009051961.1(1)|neighbour_genes:start(),hypothetical protein|","YP_009051960.1","GeneID:20041373","replication-associat..","MVYNSSGKYRKVFVTSFNTSAMEALNIQDLVDCDVARYVCMSMEHAPTTGRIHYHLYIEFYSQKTMNTIKKILKDATANIQPARGTPQEAVDYIKKDGATWKEAGTMSNQGHRSDLDDVFQRLQVGDNILDIIEGHPGTCIRYIKGILAVKGLVDQRRQRQEARQMPTVLVYIGKSGAGKSHACSQDPDYQRSGYKYPVQGPSKVYFDGYTGESTIWFDEFGGSVLPFHVFLRLADKYETRVETKGGSVCITGLQKILISTTTPPKLWWCESRKFNEDPYQLWRRLTRVYYIPRPSWGFADPVLIQHPENFDELVAAQLEREAETRGPSLDGESVRGQPGPVDPVHERDDDSDSERTIDTSDGEHSTTAA","65_hypothetical_protein.faa","65_hypothetical_protein.faa"
"34","1525173",64,1,370,"PF00910.24","RNA_helicase",NA,NA,NA,NA,NA,NA,NA,NA,NA,NA,NA,1,">ID:YP_009051960.1 |[Human circovirus VS6600022]||Human-circovirus-VS6600022_taxid_1525173.gbk|replication-associat..|1113|NC_024694(2836):1-1113:1 ^GeneID:20041373^ Human circovirus VS6600022, complete genome.|neighbours:start(),ID:YP_009051961.1(1)|neighbour_genes:start(),hypothetical protein|","YP_009051960.1","GeneID:20041373","replication-associat..","MVYNSSGKYRKVFVTSFNTSAMEALNIQDLVDCDVARYVCMSMEHAPTTGRIHYHLYIEFYSQKTMNTIKKILKDATANIQPARGTPQEAVDYIKKDGATWKEAGTMSNQGHRSDLDDVFQRLQVGDNILDIIEGHPGTCIRYIKGILAVKGLVDQRRQRQEARQMPTVLVYIGKSGAGKSHACSQDPDYQRSGYKYPVQGPSKVYFDGYTGESTIWFDEFGGSVLPFHVFLRLADKYETRVETKGGSVCITGLQKILISTTTPPKLWWCESRKFNEDPYQLWRRLTRVYYIPRPSWGFADPVLIQHPENFDELVAAQLEREAETRGPSLDGESVRGQPGPVDPVHERDDDSDSERTIDTSDGEHSTTAA","65_hypothetical_protein.faa","65_hypothetical_protein.faa"
"35","1959843",68,1,351,"PF02407.18","Putative_viral_replication_protein","52.6","0.2","4.6e-18","4.4e-14","2","81","30","115","29","116","0.88",1,">ID:YP_009551498.1 |[Molossus molossus circovirus 2]||Molossus-molossus-circovirus-2_taxid_1959843.gbk|Rep|1056|NC_040382(3156):1-1056:1 ^GeneID:41700843^ Molossus molossus circovirus 2 isolate MmoCV_MF_110233, complete genome.|neighbours:start(),ID:YP_009551499.1(-1)|neighbour_genes:start(),Cap|","YP_009551498.1","GeneID:41700843","Rep","MAAAPKLVRKSRFSNQENEFDRGEIGGSSRSVCFTLNNYTENDLEIIKKTWPKIASYYVVGLEVGESGTPHLQGYVEWNSSKEFSTMHKIFSHRAHWKRRYQNSTAEQAAKYCKKGEQSKEEWEKFGSSGPNFGKNANFFEHGEISNQGERNDIKEAMSMIKNGATEIEVFEACPRVSMQYLKGMDRYRLLCQKQARKGYNKKNVRVYWGETGTGKTRSALEEFPDAFICTAGITGLWWDGYDGEETVIIDEFRGNNCPLSMLLTILDGYASQVSIRGGSKILYAKTIIITSNIHPDEWYVNSDDYSKAALKRRIDSTLFFSNKENRKKTAEVEGNTRSSTSLEKFLKLNL","1_replication-associat...faa","1_replication-associat...faa"
"36","1959843",68,1,351,"PF00910.24","RNA_helicase","22.2","0.0","1.6e-08","0.00015","3","106","208","293","206","294","0.78",1,">ID:YP_009551498.1 |[Molossus molossus circovirus 2]||Molossus-molossus-circovirus-2_taxid_1959843.gbk|Rep|1056|NC_040382(3156):1-1056:1 ^GeneID:41700843^ Molossus molossus circovirus 2 isolate MmoCV_MF_110233, complete genome.|neighbours:start(),ID:YP_009551499.1(-1)|neighbour_genes:start(),Cap|","YP_009551498.1","GeneID:41700843","Rep","MAAAPKLVRKSRFSNQENEFDRGEIGGSSRSVCFTLNNYTENDLEIIKKTWPKIASYYVVGLEVGESGTPHLQGYVEWNSSKEFSTMHKIFSHRAHWKRRYQNSTAEQAAKYCKKGEQSKEEWEKFGSSGPNFGKNANFFEHGEISNQGERNDIKEAMSMIKNGATEIEVFEACPRVSMQYLKGMDRYRLLCQKQARKGYNKKNVRVYWGETGTGKTRSALEEFPDAFICTAGITGLWWDGYDGEETVIIDEFRGNNCPLSMLLTILDGYASQVSIRGGSKILYAKTIIITSNIHPDEWYVNSDDYSKAALKRRIDSTLFFSNKENRKKTAEVEGNTRSSTSLEKFLKLNL","1_replication-associat...faa","1_replication-associat...faa"
"37","1959843",69,2,398,"PF00729.20","Viral_coat_protein_(S_domain)","79.0","1.4","2.4e-26","4.6e-22","18","205","99","297","90","299","0.86",3,">ID:YP_009551499.1 |[Molossus molossus circovirus 2]||Molossus-molossus-circovirus-2_taxid_1959843.gbk|Cap|1197|NC_040382(3156):1863-3059:-1 ^GeneID:41700844^ Molossus molossus circovirus 2 isolate MmoCV_MF_110233, complete genome.|neighbours:ID:YP_009551498.1(1),end()|neighbour_genes:Rep,end()|","YP_009551499.1","GeneID:41700844","Cap","MPAKKIYNPAAYHAAVRRNAAAAKSAAVAHARKHATHFIQRGVKSADRAVKKYVSSGAMSRDLQRGARAVTRSAIMSGSGDINIHKSKLRERAYDTSGHPTVRLTETGEMTIIHREYIGELISGTQNPANFTSQNYGINPGNPGCFPWLSTVSNSFQNYKFHSLVFEYVPLTSESTATSTGALVGMGSVMMATQYDSSLGPYLNKPQMENSDFATSAKPSSAMVHVVECNSKYNVLGEYYVSSDTTVSNTNISNADIRMQNVGIFQIASVGIPTYGSVAIDLGEIWVSYSITLYKPTIYGALAAIQSSHYTNGAVSGAPTSANPFGTVTTSNQPTPATNNQLPLTFTSGSTFAFPLAITEGNYLIVYQCVSGNAVTFSFTGIVTTNCTALTCWSTPMT","1_replication-associat...faa","1_replication-associat...faa"
"38","1105385",70,1,325,"PF02407.18","Putative_viral_replication_protein","66.2","0.2","2.6e-22","2.5e-18","2","82","7","92","6","92","0.96",1,">ID:YP_009109620.1 |[Po-Circo-like virus 41]||Po-Circo-like-virus-41_taxid_1105385.gbk|rep|978|NC_025683(2904):606-1583:1 ^GeneID:22241858^ Po-Circo-like virus 41, complete genome.|neighbours:start(),ID:YP_009109621.1(1)|neighbour_genes:start(),hypothetical protein|","YP_009109620.1","GeneID:22241858","rep","MSRIRGTRWCFTINNFTQEEEELVMNMPSTGWVKSMIAEEEHLFEGTPHIQGYFTTTKRTDFTALTKFFNGRAHLEQAKGSTRDNWNYCSKEGNVIVEFNRPSTVDRVPHRAHEDPKDEWADLMIQDCEQMDRETFRSEHPNFFLNQRDKYERIHNEYLARTTTVFDGRLHDKNIWIYGPPGSGKSTLARSDTPIDHIYFKPVDKWWDGFDPSKHNRIVMDDYPNEATGGAIFTQRMKIWGDRTTEPRPVKGGTITVDPNIPFIVTSNFPIDECFSNDVDREAIHRRFQEIYLDGDKSKLDRFMHLKNLINPEDPLDCDDSIVSD","1_replication-associat...faa","1_replication-associat...faa"
"39","1105385",70,1,325,"PF00910.24","RNA_helicase","31.1","0.0","2.7e-11","2.6e-07","1","64","175","229","175","249","0.88",1,">ID:YP_009109620.1 |[Po-Circo-like virus 41]||Po-Circo-like-virus-41_taxid_1105385.gbk|rep|978|NC_025683(2904):606-1583:1 ^GeneID:22241858^ Po-Circo-like virus 41, complete genome.|neighbours:start(),ID:YP_009109621.1(1)|neighbour_genes:start(),hypothetical protein|","YP_009109620.1","GeneID:22241858","rep","MSRIRGTRWCFTINNFTQEEEELVMNMPSTGWVKSMIAEEEHLFEGTPHIQGYFTTTKRTDFTALTKFFNGRAHLEQAKGSTRDNWNYCSKEGNVIVEFNRPSTVDRVPHRAHEDPKDEWADLMIQDCEQMDRETFRSEHPNFFLNQRDKYERIHNEYLARTTTVFDGRLHDKNIWIYGPPGSGKSTLARSDTPIDHIYFKPVDKWWDGFDPSKHNRIVMDDYPNEATGGAIFTQRMKIWGDRTTEPRPVKGGTITVDPNIPFIVTSNFPIDECFSNDVDREAIHRRFQEIYLDGDKSKLDRFMHLKNLINPEDPLDCDDSIVSD","1_replication-associat...faa","1_replication-associat...faa"
"40","1105386",73,1,320,"PF02407.18","Putative_viral_replication_protein","47.8","0.0","1.4e-16","1.3e-12","1","82","8","93","8","93","0.91",1,">ID:YP_009109623.1 |[Po-Circo-like virus 51]||Po-Circo-like-virus-51_taxid_1105386.gbk|rep|963|NC_025684(2833):23-985:1 ^GeneID:22241862^ Po-Circo-like virus 51, complete genome.|neighbours:start(),ID:YP_009109624.1(1)|neighbour_genes:start(),hypothetical protein|","YP_009109623.1","GeneID:22241862","rep","MSSKRVIATRWVFTINNFTQEDEEAVINLPDQDWCKSVIAEEEHLEDGTPHIQGYMVTSRKDRSAISKYLNSHAYIEVARGSSYDNWEYCSKEDQIIVEYNKPSQADNKPHRSLTRNQEETLSFLESCKTFTRDQMIEQYPCLYARHYQLYEKLHSEYAIRSIDTYDGRLHDKNLWIYGPAGSGKTTLALSDIEHYKVYLKPINKWWDGFNPNYHERILIDDFPEGATASILAPFVKHWGDRFPYNAEVKNGSTVINPSIPVIITSNYSIDETFDRQQDRDAVRRRFQEIYLDGSQSHLPYYCHLDLLYSRIRSGEINKE","1_replication-associat...faa","1_replication-associat...faa"
"41","1105386",73,1,320,"PF00910.24","RNA_helicase","29.1","0.0","1.1e-10","1.1e-06","1","106","175","267","175","268","0.84",1,">ID:YP_009109623.1 |[Po-Circo-like virus 51]||Po-Circo-like-virus-51_taxid_1105386.gbk|rep|963|NC_025684(2833):23-985:1 ^GeneID:22241862^ Po-Circo-like virus 51, complete genome.|neighbours:start(),ID:YP_009109624.1(1)|neighbour_genes:start(),hypothetical protein|","YP_009109623.1","GeneID:22241862","rep","MSSKRVIATRWVFTINNFTQEDEEAVINLPDQDWCKSVIAEEEHLEDGTPHIQGYMVTSRKDRSAISKYLNSHAYIEVARGSSYDNWEYCSKEDQIIVEYNKPSQADNKPHRSLTRNQEETLSFLESCKTFTRDQMIEQYPCLYARHYQLYEKLHSEYAIRSIDTYDGRLHDKNLWIYGPAGSGKTTLALSDIEHYKVYLKPINKWWDGFNPNYHERILIDDFPEGATASILAPFVKHWGDRFPYNAEVKNGSTVINPSIPVIITSNYSIDETFDRQQDRDAVRRRFQEIYLDGSQSHLPYYCHLDLLYSRIRSGEINKE","1_replication-associat...faa","1_replication-associat...faa"
"42","1475063",79,2,350,"PF00910.24","RNA_helicase","40.2","0.0","3.9e-14","3.7e-10","1","105","174","263","174","264","0.88",3,">ID:YP_009021877.1 |[Porcine stool-associated circular virus 5]||Porcine-stool-associated-circular-virus-5_taxid_1475063.gbk|rep protein|1053|NC_023878(3062):1882-2934:-1 ^GeneID:18983212^ Porcine stool-associated circular virus 5 isolate CP3, complete genome.|neighbours:ID:YP_009021876.1(1),end()|neighbour_genes:cap protein,end()|","YP_009021877.1","GeneID:18983212","rep protein","MSSVRLQNKNLFLTYNDPEETITGPAWLLNKLAEQLEKYQPYYGVCGEEKAPTTGTKHYHLLIMCKNPVISKNGQVIEIKGIAPHIEKIRNNLRGVIKYVKKDGNIAELNKNLCPVKLDKLERKEKADLMLTGDLEKAFIDGTLGPIEVIRAEKLRKIFQVYRKPEPYSKKLIMWYRGETGEGKTRTAVELAEEFELSYWITNESLRWFDGYNGQELVIIDDFRQKMITDWNFLLRLLDGYGLSVPVKGGYVAWKPKIIIITTPATPQEAFQWMNKDGELQNWDHLDQLMRRLTHDDEEQVYQFPLWEEDKQKLMNTVRQFLGIENDEAMVEEELSMSPILPEPTQIDEA","56_Rep-B.faa","56_Rep-B.faa"
"43","1475063",79,2,350,"PF00799.22","Geminivirus_Rep_catalytic_domain","33.1","0.1","6.7e-12","6.4e-08","2","106","5","108","4","112","0.80",3,">ID:YP_009021877.1 |[Porcine stool-associated circular virus 5]||Porcine-stool-associated-circular-virus-5_taxid_1475063.gbk|rep protein|1053|NC_023878(3062):1882-2934:-1 ^GeneID:18983212^ Porcine stool-associated circular virus 5 isolate CP3, complete genome.|neighbours:ID:YP_009021876.1(1),end()|neighbour_genes:cap protein,end()|","YP_009021877.1","GeneID:18983212","rep protein","MSSVRLQNKNLFLTYNDPEETITGPAWLLNKLAEQLEKYQPYYGVCGEEKAPTTGTKHYHLLIMCKNPVISKNGQVIEIKGIAPHIEKIRNNLRGVIKYVKKDGNIAELNKNLCPVKLDKLERKEKADLMLTGDLEKAFIDGTLGPIEVIRAEKLRKIFQVYRKPEPYSKKLIMWYRGETGEGKTRTAVELAEEFELSYWITNESLRWFDGYNGQELVIIDDFRQKMITDWNFLLRLLDGYGLSVPVKGGYVAWKPKIIIITTPATPQEAFQWMNKDGELQNWDHLDQLMRRLTHDDEEQVYQFPLWEEDKQKLMNTVRQFLGIENDEAMVEEELSMSPILPEPTQIDEA","56_Rep-B.faa","56_Rep-B.faa"
"44","2017724",81,2,357,"PF00910.24","RNA_helicase","43.6","0.0","3.4e-15","3.3e-11","1","105","177","266","177","267","0.90",3,">ID:YP_009408607.1 |[Porcine stool-associated circular virus/BEL/15V010]||Porcine-stool-associated-circular-virus-BEL-15V010_taxid_2017724.gbk|replicase|1074|NC_035476(3081):1884-2957:-1 ^GeneID:33868359^ Porcine stool-associated circular virus/BEL/15V010 isolate 15V010, complete genome.|neighbours:ID:YP_009408606.1(1),end()|neighbour_genes:capsid,end()|","YP_009408607.1","GeneID:33868359","replicase","METQKSVRIQHKWIYATYNDSKECIEGPAMLLDTLAEQLKRWKPYYAVACEERAPTTGMRHFHALILCREQVRARSTEVLEVKGIKPHLEKVNNNLRRVIEYIKKDGTVAELNKDMCPIKMEKQTKEEKNRLLLSGNLEQEFIKGTIGAVDVIRGFKIRSLFQQYSKPDDYKRRLILWFKGPTGEGKTKTAIEIAKEWNLKYWISNTDLRWFDGYDNQEIAVIDDFRKSMLTDWNFLLRLLDGYNLLVPIKGAHVKWDPRIIIVTTPATPEEAFQWITRDGQIQEWDRQEQLTRRLTFEDELQVYDFPLWEDEKQRLVRTIEKFLKEEKIIQEEQAVIEEELSMSPILPEPSQIDEA","56_Rep-B.faa","56_Rep-B.faa"
"45","2017724",81,2,357,"PF00799.22","Geminivirus_Rep_catalytic_domain","27.7","0.0","3e-10","2.9e-06","2","106","8","111","7","115","0.82",3,">ID:YP_009408607.1 |[Porcine stool-associated circular virus/BEL/15V010]||Porcine-stool-associated-circular-virus-BEL-15V010_taxid_2017724.gbk|replicase|1074|NC_035476(3081):1884-2957:-1 ^GeneID:33868359^ Porcine stool-associated circular virus/BEL/15V010 isolate 15V010, complete genome.|neighbours:ID:YP_009408606.1(1),end()|neighbour_genes:capsid,end()|","YP_009408607.1","GeneID:33868359","replicase","METQKSVRIQHKWIYATYNDSKECIEGPAMLLDTLAEQLKRWKPYYAVACEERAPTTGMRHFHALILCREQVRARSTEVLEVKGIKPHLEKVNNNLRRVIEYIKKDGTVAELNKDMCPIKMEKQTKEEKNRLLLSGNLEQEFIKGTIGAVDVIRGFKIRSLFQQYSKPDDYKRRLILWFKGPTGEGKTKTAIEIAKEWNLKYWISNTDLRWFDGYDNQEIAVIDDFRKSMLTDWNFLLRLLDGYNLLVPIKGAHVKWDPRIIIVTTPATPEEAFQWITRDGQIQEWDRQEQLTRRLTFEDELQVYDFPLWEDEKQRLVRTIEKFLKEEKIIQEEQAVIEEELSMSPILPEPSQIDEA","56_Rep-B.faa","56_Rep-B.faa"
